Transect,RMSE_deg,MAE_deg,RMSE_m,MAE_m
Transect_0,4.6549659103460386e-05,3.9748751214850294e-05,5.167012160484103,4.412111384848383
Transect_1,7.317796908587059e-05,6.332641704704606e-05,8.122754568531635,7.029232292222113
Transect_2,6.233745403518878e-05,5.3965913861789766e-05,6.919457397905955,5.990216438658664
Transect_3,4.806426532867473e-05,4.175841380888817e-05,5.3351334514828945,4.635183932786587
Transect_4,4.841758964574526e-05,3.646507247308695e-05,5.3743524506777245,4.047623044512651
Transect_5,4.144872359361353e-05,2.8473123286975298e-05,4.600808318891102,3.160516684854258
Transect_6,5.0044673071286115e-05,4.3028482059999024e-05,5.554958710912759,4.776161508659891
Transect_7,4.911218223138952e-05,4.3238057945203955e-05,5.4514522276842365,4.799424431917639
Transect_8,4.982610863587893e-05,4.3876810417347946e-05,5.530698058582561,4.8703259563256225
Transect_9,4.7836592455399485e-05,4.4415919487281346e-05,5.3098617625493425,4.93016706308823
Transect_10,4.6349222012592026e-05,4.285481041213437e-05,5.144763643397715,4.756883955746916
Transect_11,5.0229427837320343e-05,4.036962810391771e-05,5.575466489942558,4.481028719534866
Transect_12,5.244707236324475e-05,4.062462832727965e-05,5.821625032320167,4.509333744328041
Transect_13,6.476295635322791e-05,5.1348904846926556e-05,7.188688155208298,5.699728438008847
Transect_14,7.874220389796405e-05,6.483694642646387e-05,8.74038463267401,7.196901053337489
Transect_15,7.675173301002033e-05,6.578164500669213e-05,8.519442364112257,7.301762595742826
Transect_16,7.883301204303811e-05,6.504462016744077e-05,8.750464336777231,7.219952838585925
Transect_17,8.226838744656008e-05,6.670052157202455e-05,9.13179100656817,7.403757894494725
Transect_18,8.506006810812339e-05,6.624860129161416e-05,9.441667560001697,7.353594743369172
Transect_19,8.30735744778171e-05,6.41732604910506e-05,9.2211667670377,7.123231914506617
Transect_20,8.270178099297582e-05,6.402879834378343e-05,9.179897690220317,7.107196616159961
Transect_21,9.008732697733265e-05,7.448291184885224e-05,9.999693294483924,8.267603215222598
Transect_22,6.688550100583366e-05,5.425723662553829e-05,7.424290611647536,6.02255326543475
Transect_23,7.509603423432261e-05,6.194429673961476e-05,8.33565980000981,6.8758169380972385
Transect_24,6.464116640210579e-05,5.1626277079036984e-05,7.175169470633743,5.730516755773105
Transect_25,6.935535614694873e-05,6.19481589078714e-05,7.698444532311309,6.876245638773725
Transect_26,7.144579007839959e-05,6.150833370855816e-05,7.930482698702354,6.827425041649956
Transect_27,5.5021685674054265e-05,4.479961996360295e-05,6.1074071098200235,4.972757815959928
Transect_28,8.611871585922326e-05,7.669345658793005e-05,9.559177460373782,8.512973681260236
Transect_29,8.611458584631671e-05,7.23377434774503e-05,9.558719028941155,8.029489525996983
Transect_30,0.00010103514287790719,9.065850928880031e-05,11.214900859447697,10.063094531056835
Transect_31,0.00010616015697715064,9.700654856288632e-05,11.783777424463722,10.76772689048038
Transect_32,8.86597557620137e-05,7.70764719698483e-05,9.841232889583521,8.555488388653162
Transect_33,9.161957022907096e-05,8.09979103412825e-05,10.169772295426876,8.990768047882357
Transect_34,9.991999337727846e-05,8.724504096871197e-05,11.091119264877909,9.684199547527028
Transect_35,9.616299731914855e-05,8.499919559363869e-05,10.674092702425488,9.434910710893895
Transect_36,0.00010020750855334832,9.15518756947401e-05,11.123033449421664,10.162258202116151
Transect_37,9.446040924015644e-05,9.179457881904355e-05,10.485105425657364,10.189198248913835
Transect_38,7.689863029871979e-05,7.514748017600703e-05,8.535747963157897,8.34137029953678
Transect_39,7.45809205743328e-05,7.077596201083853e-05,8.27848218375094,7.856131783203077
Transect_40,8.329151208146867e-05,7.734307902401244e-05,9.245357841043022,8.585081771665381
Transect_41,7.720280798530469e-05,7.457792686625419e-05,8.56951168636882,8.278149882154215
Transect_42,9.320566326534017e-05,8.715365073201371e-05,10.345828622452759,9.674055231253522
Transect_43,9.201352802906527e-05,8.6339007484388e-05,10.213501611226246,9.583629830767068
Transect_44,8.799821484789783e-05,8.05146737157693e-05,9.76780184811666,8.937128782450392
Transect_45,7.39452897357088e-05,6.91873262731605e-05,8.207927160663676,7.679793216320815
Transect_46,7.335148286068779e-05,6.437333856911353e-05,8.142014597536345,7.145440581171601
Transect_47,6.855335457918647e-05,5.974502327461642e-05,7.609422358289698,6.631697583482422
Transect_48,7.016059200864585e-05,6.236380658330831e-05,7.787825712959689,6.922382530747222
Transect_49,5.4711389485234814e-05,4.641381777511372e-05,6.0729642328610645,5.151933773037623
Transect_50,4.075584430233427e-05,3.5369883899392555e-05,4.523898717559104,3.9260571128325736
Transect_51,3.391363133118052e-05,3.093976846857057e-05,3.764413077761038,3.4343143000113328
Transect_52,3.952303808622983e-05,3.352081332842942e-05,4.387057227571511,3.7208102794556654
Transect_53,4.850992417569614e-05,4.20303660257063e-05,5.384601583502271,4.6653706288534
Transect_54,4.4242157217372544e-05,3.5128175197657746e-05,4.910879451128352,3.8992274469400097
Transect_55,4.0127534033996865e-05,3.689114901171484e-05,4.454156277773652,4.094917540300347
Transect_56,3.909814044400326e-05,3.473158325619549e-05,4.339893589284362,3.855205741437699
Transect_57,5.0281806545684984e-05,3.8024080741278376e-05,5.5812805265710335,4.2206729622819
Transect_58,4.7303372908562215e-05,3.737165655080246e-05,5.250674392850406,4.148253877139073
Transect_59,5.696737092516933e-05,4.554418943654976e-05,6.323378172693795,5.055405027457024
Transect_60,6.36741829660089e-05,5.024656675782913e-05,7.0678343092269875,5.577368910119033
Transect_61,7.282753211439893e-05,5.317456630617947e-05,8.083856064698281,5.902376859985921
Transect_62,7.361532383675404e-05,5.398402583901774e-05,8.171300945879699,5.9922268681309685
Transect_63,7.415681745975642e-05,5.723724087516303e-05,8.231406738032963,6.353333737143096
Transect_64,7.527663673520803e-05,5.676756397432633e-05,8.355706677608092,6.301199601150223
Transect_65,8.457578804998225e-05,6.788607134709283e-05,9.38791247354803,7.535353919527305
Transect_66,7.667038862744854e-05,5.709687673975951e-05,8.510413137646788,6.337753318113306
Transect_67,8.509769688502899e-05,7.121096174335691e-05,9.445844354238218,7.904416753512617
Transect_68,8.349411658452339e-05,7.630048462378708e-05,9.267846940882096,8.469353793240366
Transect_69,8.361201837462982e-05,6.755414143041887e-05,9.28093403958391,7.498509698776495
Transect_70,8.814012377880022e-05,6.898834699495249e-05,9.783553739446825,7.657706516439727
Transect_71,8.712460515972466e-05,7.194973954999495e-05,9.670831172729438,7.986421090049439
Transect_72,7.886118881989965e-05,6.462398089554393e-05,8.75359195900886,7.173261879405376
Transect_73,6.976241091257124e-05,5.23860004109545e-05,7.743627611295407,5.814846045615949
Transect_74,7.644619544328129e-05,6.638936518645953e-05,8.485527694204222,7.369219535697008
Transect_75,5.154018857043232e-05,4.69636664173184e-05,5.720960931317987,5.212966972322342
Transect_76,4.9091348412400433e-05,4.2641411494586954e-05,5.449139673776448,4.733196675899152
Transect_77,5.340934920847719e-05,4.3867380917712187e-05,5.928437762140968,4.869279281866053
Transect_78,6.272778881826343e-05,5.056228117006928e-05,6.962784558827241,5.6124132098776895
Transect_79,6.167875471557559e-05,4.822952726583253e-05,6.84634177342889,5.353477526507411
Transect_80,6.265652961695475e-05,5.028792647649943e-05,6.954874787481977,5.581959838891437
Transect_81,6.901017043501725e-05,5.397829704134537e-05,7.660128918286914,5.991590971589336
Transect_82,6.567479715035459e-05,5.1006249572652664e-05,7.289902483689359,5.661693702564445
Transect_83,7.453014402997949e-05,5.7029154315177247e-05,8.272845987327724,6.330236128984675
Transect_84,6.654172182486872e-05,5.3109713022793426e-05,7.386131122560427,5.89517814553007
Transect_85,6.5998957407774e-05,5.201518582357162e-05,7.325884272262915,5.77368562641645
Transect_86,7.381718596698212e-05,4.9534284610504994e-05,8.193707642335015,5.498305591766054
Transect_87,7.928465910437367e-05,5.2430587545963946e-05,8.800597160585477,5.819795217601998
Transect_88,7.379340355217525e-05,4.7397941483133974e-05,8.191067794291452,5.261171504627871
Transect_89,7.267571833062715e-05,4.0283892610918475e-05,8.067004734699614,4.4715120798119505
Transect_90,8.648104632874615e-05,5.361840329349586e-05,9.599396142490823,5.951642765578041
Transect_91,8.759779153893719e-05,5.564418699092298e-05,9.723354860822027,6.176504755992451
Transect_92,8.980132819048387e-05,6.0256883692936874e-05,9.96794742914371,6.688514089915993
Transect_93,8.426966563797452e-05,5.565809050068283e-05,9.353932885815173,6.178048045575794
Transect_94,8.549801006511515e-05,6.0353862108661474e-05,9.490279117227782,6.699278694061424
Transect_95,8.358010509443429e-05,5.884820021136287e-05,9.277391665482206,6.5321502234612785
Transect_96,7.629731642501605e-05,5.116128992792576e-05,8.469002123176782,5.678903181999759
Transect_97,7.94118256796774e-05,5.733799065140615e-05,8.814712650444191,6.364516962306083
Transect_98,7.208770343103058e-05,5.741156014283855e-05,8.001735080844394,6.372683175855079
Transect_99,6.050032730700832e-05,4.1995084155933206e-05,6.7155363310779235,4.661454341308586
Transect_100,6.670244362135794e-05,5.2966566449489115e-05,7.403971241970731,5.879288875893292
Transect_101,4.8340784986674e-05,3.8230079276894285e-05,5.365827133520813,4.243538799735266
Transect_102,6.091058073195153e-05,4.631436971209642e-05,6.76107446124662,5.140895038042703
Transect_103,6.315230332937755e-05,4.699463739610724e-05,7.009905669560908,5.216404750967904
Transect_104,3.6320215227675794e-05,3.1741387856647834e-05,4.0315438902720135,3.5232940520879095
Transect_105,2.6522665869113314e-05,2.215779710658635e-05,2.944015911471578,2.4595154788310847
Transect_106,2.6103704865594173e-05,2.5687422736014417e-05,2.897511240080953,2.8513039236976003
Transect_107,1.0153223905093569e-05,7.57556933048364e-06,1.127007853465386,0.840888195683684
Transect_108,1.3365399905016122e-05,1.0226546752408339e-05,1.4835593894567896,1.1351466895173257
Transect_109,2.749563130371112e-05,2.313280747619207e-05,3.0520150747119343,2.5677416298573195
Transect_110,3.271917754462077e-05,2.755247698246831e-05,3.6318287074529056,3.0583249450539824
Transect_111,4.396020417633925e-05,3.655311102789047e-05,4.879582663573657,4.057395324095842
Transect_112,4.764714395091801e-05,3.969207782517174e-05,5.288832978551899,4.405820638594063
Transect_113,4.80851391162687e-05,3.9071186904126486e-05,5.337450441905826,4.33690174635804
Transect_114,4.773820604758663e-05,3.969877412756068e-05,5.298940871282116,4.406563928159235
Transect_115,5.7077723259023645e-05,4.696159567473199e-05,6.335627281751624,5.212737119895251
Transect_116,6.08964330357269e-05,4.720750974125147e-05,6.759504066965686,5.240033581278913
Transect_117,6.514999555085631e-05,4.892100935260999e-05,7.23164950614505,5.4302320381397085
Transect_118,6.703981064012231e-05,5.378524779633801e-05,7.441418981053577,5.970162505393519
Transect_119,7.180646768264926e-05,5.752369320228746e-05,7.970517912774068,6.385129945453908
Transect_120,7.938065337088869e-05,6.429370783853834e-05,8.811252524168644,7.136601570077756
Transect_121,9.1775878458062e-05,7.371593511731829e-05,10.187122508844881,8.182468798022331
Transect_122,0.0001012294733710505,8.403855497397269e-05,11.236471544186607,9.328279602110968
Transect_123,0.00010437089157703048,8.506979179352538e-05,11.585168965050384,9.442746889081317
Transect_124,0.00011290328051286694,9.006670565229097e-05,12.53226413692823,9.997404327404297
Transect_125,0.00012485290429304656,0.00010399822521911083,13.858672376528169,11.543802999321302
Transect_126,0.00012254168566393347,0.00010553537329145864,13.602127108696616,11.714426435351909
Transect_127,0.00013112865307551621,0.00011343945908292561,14.5552804913823,12.591779958204743
Transect_128,0.0001455981095776495,0.00013445893616855813,16.161390163119094,14.924941914709953
Transect_129,0.00015812280666638662,0.00014942117545409952,17.551631539968913,16.585750475405046
Transect_130,0.0001718042574579843,0.00016438529731146128,19.070272577836256,18.246768001572203
Transect_131,0.00017192277080086907,0.00016504059402127383,19.083427558896467,18.319505936361395
Transect_132,0.0001923603055935545,0.00018448881395526795,21.35199392088455,20.478258349034743
Transect_133,0.00018279726425871867,0.00017647958785095704,20.290496332717773,19.589234251456233
Transect_134,0.0001804732230987624,0.00017330423473899177,20.032527763962626,19.236770056028085
Transect_135,0.0001902426382261641,0.00018304132993530724,21.116932843104216,20.317587622819104
Transect_136,0.0001961750671699295,0.00018790384012831778,21.775432455862173,20.857326254243272
Transect_137,0.00017312085684637046,0.00016588247817528898,19.21641510994712,18.412955077457077
Transect_138,0.00014231631094631112,0.00013499591827752138,15.797110515040535,14.984546928804873
Transect_139,0.00010717778153264381,9.887583466571483e-05,11.896733750123463,10.975217647894347
Transect_140,9.094954818345925e-05,8.163705440427266e-05,10.095399848363977,9.061713038874265
Transect_141,6.297959546038504e-05,5.168414926544316e-05,6.99073509610274,5.736940568464191
Transect_142,5.9388955000664264e-05,5.119223621419284e-05,6.592174005073733,5.6823382197754055
Transect_143,8.810794231925828e-05,7.573061114559548e-05,9.77998159743767,8.406097837161099
Transect_144,6.539212876901501e-05,5.404935710283828e-05,7.258526293360666,5.999478638415049
Transect_145,7.434047224797614e-05,6.296102687015768e-05,8.251792419525351,6.988673982587502
Transect_146,7.572102296655563e-05,6.627477752968222e-05,8.405033549287676,7.356500305794727
Transect_147,9.255509969349384e-05,8.201447832563816e-05,10.273616065977816,9.103607094145836
Transect_148,0.00010877307663492773,9.859211639118474e-05,12.073811506476979,10.943724919421506
Transect_149,0.00010441533088745528,9.309803454651925e-05,11.590101728507536,10.333881834663636
Transect_150,8.768350688550183e-05,7.43851563835871e-05,9.732869264290702,8.256752358578169
Transect_151,8.428206742760623e-05,7.630690790676356e-05,9.355309484464291,8.470066777650755
Transect_152,8.797984928830573e-05,7.956348612367572e-05,9.765763271001935,8.831546959728005
Transect_153,6.913414382251254e-05,5.7338119671922104e-05,7.673889964298892,6.364531283583354
Transect_154,6.520306889877376e-05,5.000660717119944e-05,7.237540647763888,5.550733396003138
Transect_155,6.611074727876745e-05,5.11004922025947e-05,7.338292947943186,5.672154634488011
Transect_156,5.16494058977221e-05,3.489750144039871e-05,5.733084054647152,3.873622659884257
Transect_157,5.4005830224286294e-05,3.683547879315052e-05,5.9946471548957785,4.088738146039708
Transect_158,6.150901373245019e-05,4.0917763885833225e-05,6.827500524301971,4.5418717913274875
Transect_159,6.235346160180693e-05,3.84049329569679e-05,6.921234237800569,4.262947558223437
Transect_160,6.99253806566601e-05,4.628546592656399e-05,7.761717252889271,5.137686717848602
Transect_161,5.482808371491293e-05,4.247055608737567e-05,6.085917292355335,4.714231725698699
Transect_162,3.453952717397969e-05,2.702320541935335e-05,3.8338875163117456,2.9995758015482217
