Date,Transect_0,Transect_1,Transect_2,Transect_3,Transect_4,Transect_5,Transect_6,Transect_7,Transect_8,Transect_9,Transect_10,Transect_11,Transect_12,Transect_13,Transect_14,Transect_15,Transect_16,Transect_17,Transect_18,Transect_19,Transect_20,Transect_21,Transect_22,Transect_23,Transect_24,Transect_25,Transect_26,Transect_27,Transect_28,Transect_29,Transect_30,Transect_31,Transect_32,Transect_33,Transect_34,Transect_35,Transect_36,Transect_37,Transect_38,Transect_39,Transect_40,Transect_41,Transect_42,Transect_43,Transect_44,Transect_45,Transect_46,Transect_47,Transect_48,Transect_49,Transect_50,Transect_51,Transect_52,Transect_53,Transect_54,Transect_55,Transect_56,Transect_57,Transect_58,Transect_59,Transect_60,Transect_61,Transect_62,Transect_63,Transect_64,Transect_65,Transect_66,Transect_67,Transect_68,Transect_69,Transect_70,Transect_71,Transect_72,Transect_73,Transect_74,Transect_75,Transect_76,Transect_77,Transect_78,Transect_79,Transect_80,Transect_81,Transect_82,Transect_83,Transect_84,Transect_85,Transect_86,Transect_87,Transect_88,Transect_89,Transect_90,Transect_91,Transect_92,Transect_93,Transect_94,Transect_95,Transect_96,Transect_97,Transect_98,Transect_99,Transect_100,Transect_101,Transect_102,Transect_103,Transect_104,Transect_105,Transect_106,Transect_107,Transect_108,Transect_109,Transect_110,Transect_111,Transect_112,Transect_113,Transect_114,Transect_115,Transect_116,Transect_117,Transect_118,Transect_119,Transect_120,Transect_121,Transect_122,Transect_123,Transect_124,Transect_125,Transect_126,Transect_127,Transect_128,Transect_129,Transect_130,Transect_131,Transect_132,Transect_133,Transect_134,Transect_135,Transect_136,Transect_137,Transect_138,Transect_139,Transect_140,Transect_141,Transect_142,Transect_143,Transect_144,Transect_145,Transect_146,Transect_147,Transect_148,Transect_149,Transect_150,Transect_151,Transect_152,Transect_153,Transect_154,Transect_155,Transect_156,Transect_157,Transect_158,Transect_159,Transect_160,Transect_161,Transect_162
2012-05-01,0.000437653501167482,0.00029624513482137075,0.0002962451348206771,0.0002797684707006036,0.00027976847069990994,0.0002797684706992162,0.00027976847069852254,0.0002797684706978288,0.00027976847069680836,0.00025306422449470424,0.00025306422449401057,0.00025306422449331684,0.00025306422449262317,0.0002530642244916027,0.00025306422449090905,0.00025306422449021537,0.0001806725881385463,0.0001806725881510669,0.00018067258815004645,0.00018067258814935278,0.00018067258814865906,0.0001806725881479654,9.49178548184491e-05,9.491785481742866e-05,9.491785481673496e-05,9.491785481604127e-05,9.491785481534757e-05,-1.5580476059314877e-05,-1.5580476060335307e-05,-1.5580476061029e-05,-1.5580476061722686e-05,-1.5580476062416386e-05,-7.25845833627799e-05,-7.258458336380034e-05,-7.258458335127971e-05,-7.25845833519734e-05,-7.258458335266708e-05,-7.258458335336078e-05,-0.00010962691082022603,-0.00010962691082091974,-0.00010962691082161344,-0.00010962691082230713,-0.00010962691082300081,-0.00010962691082369451,-0.00013234745011452426,-0.00013234745011521796,-0.00013234745011591166,-0.00013234745011660536,-0.00013234745011729906,-0.00013234745011831946,-0.00016690998041935927,-0.00016690998042005303,-0.0001669099804075324,-0.0001669099804082261,-0.00016690998040924654,-0.00020061008481186325,-0.00020061008481255687,-0.0002006100848132506,-0.0002006100848139443,-0.00020061008481496472,-0.00020985875030136324,-0.00020985875030205692,-0.00020985875030275062,-0.00020985875030344432,-0.0002398987253973507,-0.00023989872539804442,-0.00023989872539873812,-0.00023989872539943182,-0.00024244152223475802,-0.00024244152223577844,-0.00024244152222325783,-0.0002424415222239515,-0.0002424415222246452,-0.00024060251572721037,-0.00024060251572823082,-0.00024060251572892452,-0.0002406025157296182,-0.00025263862619931394,-0.00025263862620000766,-0.0002526386262010281,-0.0002526386262017218,-0.00028895462279038427,-0.00028895462279107794,-0.0002889546227917716,-0.00028895462279279207,-0.00028895462279348574,-0.0002744186988412692,-0.00027441869882874857,-0.00027441869882944224,-0.0002744186988304627,-0.00027441869883115637,-0.0002609297645238083,-0.00026092976452450205,-0.0002609297645251957,-0.0002609297645262162,-0.00026092976452690985,-0.00021983469892348793,-0.00021983469892418163,-0.0002198346989248753,-0.00021983469892589575,-0.00021983469892658942,-0.00021570980102829574,-0.00021570980102898944,-0.00021570980102968314,-0.00021570980101748928,-0.00020245672375046196,-0.00020245672375115563,-0.00020245672375184933,-0.00020245672375254303,-0.00020688949059030664,-0.00020688949059100034,-0.00020688949059169404,-0.00021431153199776194,-0.00021431153199845567,-0.0002143115319994761,-0.00015438514887653972,-0.00015438514887723342,-0.0001543851488779271,-0.00011724683565545718,-0.00011724683565647763,-0.00011724683565717132,-3.779922752897322e-05,-3.77992275296669e-05,-3.7799227530360596e-05,3.405739015098986e-05,3.405739014996942e-05,7.837134618502632e-05,7.837134618433264e-05,0.00017527655339749372,0.00017527655339680002,0.0002707522193432484,0.00027075221934255467,0.00039887886952264597,0.00039887886952195224,0.00039887886952125857,0.0004417814357700563,0.0004428129850737582,0.0003586132422801619,0.00027441349948656565,0.00019311917025953407,0.00019311917027172793,0.00014574599581103316,0.00014574599581033946,0.00021984675420755854,0.00021984675420686484,0.0002568535678500997,0.0002857855987408732,0.0002857855987401795,0.00033979876435670303,0.0003438687986289459,0.00034547453817121735,0.0003454745381705237,0.00034802668721618845,0.0003598632664595415,0.0003646451919872553,0.0003667021818618066,0.00036482545719970446,0.0003701428598369185,0.0003619335219945113,0.00036799102802614317,0.00036289384826636073,0.0003114657917723961,0.0002874092830222833
2013-01-01,0.00043194833583921124,0.00029225213660907546,0.0002811634603096969,0.00028137497557961864,0.00028137497557892497,0.0002850067141076598,0.0002850067141069661,0.0002701068057151019,0.0002701068057140815,0.00027859724979603174,0.0002701837965439511,0.0002701837965432574,0.0002249446180348313,0.00020365232919316404,0.00020365232919247034,0.00018657897592570897,0.00020116476204906295,0.00020111614976768555,0.0002010675374727671,0.000173159332025446,0.0001731593320247523,0.00015622124277351985,0.00015622124277282616,8.604607314908176e-05,8.604607314838806e-05,8.604607314769436e-05,8.604607314700066e-05,4.351710455523705e-05,4.351710455421661e-05,4.3517104553522914e-05,2.432086870313424e-05,2.4320868702440546e-05,-2.1985756221141487e-05,-2.1985756222161924e-05,-2.1985756209641307e-05,-5.84908264804034e-05,-5.849082648109709e-05,-5.849082648179079e-05,-7.129337924621199e-05,-7.129337924690566e-05,-7.129337924759936e-05,-9.4575852842825e-05,-9.457585284351869e-05,-9.457585284421239e-05,-0.00010480072562746352,-0.00010480072562815721,-0.00010480072562885092,-0.0001182975352005656,-0.00011829753520125928,-0.00011829753520227972,-0.00013402161001658356,-0.00013402161001727726,-0.00013402161000475662,-0.00012745228112384823,-0.00012745228112486865,-0.00012745228112556235,-0.00014011642169674206,-0.00014011642169743573,-0.00014011642169812943,-0.00014011642169914985,-0.00013897220949337402,-0.00013897220949406772,-0.00013897220949476142,-0.0001430156064206192,-0.00014301560642163966,-0.00014301560642233333,-0.00014301560642302703,-0.00015402815401366433,-0.000154028154014358,-0.00015402815401537845,-0.00015402815400285784,-0.0001716543810567946,-0.00017165438105748833,-0.000171654381058182,-0.00022533918661359382,-0.0002253391866142875,-0.0002253391866149812,-0.0002253391866156749,-0.00025135566584455656,-0.00025135566584557695,-0.0002513556658462706,-0.00025135566584696435,-0.00026128384575952883,-0.0002612838457602225,-0.00026128384576124295,-0.0002612838457619367,-0.00026512670956122306,-0.0002651267095487024,-0.0002651267095493961,-0.00026512670955041655,-0.00021804512840616555,-0.00021804512840685922,-0.0002180451284075529,-0.0002180451284082466,-0.00020206476384926507,-0.00020206476384995877,-0.00020206476385065247,-0.00017809044554226454,-0.00017809044554295824,-0.00017809044554397866,-0.00017809044554467236,-0.00017809044554536603,-9.261372278201427e-05,-9.261372278270795e-05,-9.261372277051408e-05,-9.261372277120778e-05,-9.261372277190145e-05,-3.824696799985181e-05,-3.8246968000545503e-05,-3.824696800156594e-05,-3.8246968002259634e-05,-9.235669009484437e-08,-9.235669078853725e-08,-9.235669148223013e-08,-9.23566925026541e-08,-9.235669319634021e-08,3.524637242324065e-05,3.524637242254695e-05,3.5246372421853265e-05,3.524637242083283e-05,5.7754750367954786e-05,5.7754750380475383e-05,5.775475037978169e-05,5.7754750379088004e-05,5.77547503783943e-05,5.7754750377373874e-05,3.0640780263257127e-06,3.0640780256320266e-06,3.0640780249383473e-06,3.0640780242446476e-06,3.064078023224217e-06,-5.028618900961357e-06,-5.028618901655048e-06,-5.028618902348743e-06,1.9359057101158294e-05,1.9359057100137863e-05,4.022536095765069e-05,4.0225360956956994e-05,4.0225360956263294e-05,6.374972032160276e-05,6.374972033379663e-05,6.374972033310293e-05,0.0001425851293330414,0.0001425851293323477,0.00014258512933165403,0.00019030172961838262,0.00019030172961768894,0.00024256100475721965,0.00024256100475652598,0.00024256100475583225,0.0002836957358613296,0.0002836957358606359,0.0003200738530972384,0.0003200738530965447,0.00032007385309585105,0.0003708369586875261,0.0003708369586868324,0.0003811515922271848,0.0003811515922264911,0.0003811515922257974,0.0003799659097412747,0.00034183864122107343,0.00030073332422101117
2013-11-01,0.00043884830506979574,0.00029952690229655186,0.00029952690229585814,0.00030775352930998817,0.0003077535293092945,0.00032407899664802544,0.00032407899664733177,0.00033162074269851974,0.0003316207426974993,0.0003356886464773587,0.00033568864647666495,0.00033568864647597134,0.00031313748683500634,0.0003131374868339859,0.00028383160839539457,0.0002410277119256353,0.0002410277119249416,0.00019310057495039847,0.00019310057494937804,0.00013743897713734476,0.00013743897713665103,0.00010218488295851735,0.00010218488295782365,0.00010218488295680321,5.421750763364207e-05,5.421750763294837e-05,7.673997939924877e-05,7.409041818890473e-05,7.40904181878843e-05,9.877737690878232e-06,9.87773769018453e-06,9.87773768949084e-06,-3.1147370286980675e-05,-3.1147370288001106e-05,-3.1147370275480496e-05,-5.435383672027937e-05,-5.4353836720973065e-05,-5.435383672166675e-05,-6.301005834308149e-05,-6.301005834377517e-05,-6.301005834446887e-05,-7.319267989306577e-05,-7.319267989375946e-05,-3.951211313579127e-05,-3.9512113136811724e-05,-3.951211313750542e-05,-3.9512113138199103e-05,-5.5662611915592195e-05,-5.566261191628589e-05,-5.566261191730631e-05,-5.235416977510354e-05,-5.235416977579725e-05,-5.235416976327664e-05,-6.576755713714043e-05,-6.576755713816088e-05,-6.576755713885456e-05,-6.576755713954825e-05,-0.00011471453585767652,-0.00011471453585837024,-0.00011471453585939066,-0.00011471453586008436,-0.00013132607929329916,-0.00013132607929399284,-0.00013132607929468654,-0.00013132607929570696,-0.0001496715781116257,-0.0001496715781123194,-0.00013915912995584353,-0.0001391591299565372,-0.00013915912995755766,-0.00012519510727436637,-0.00012519510727506007,-0.0001204471959570678,-0.00012044719595776149,-0.00012044719595878191,-0.00010177310255838612,-0.00010177310255907982,-0.00010177310255977352,-0.00010911875528736586,-0.0001091187552883863,-0.00010911875528907998,-0.00013912796808230915,-0.00013912796808300285,-0.00016126588443147728,-0.00016126588443249773,-0.00016126588443319143,-0.00015066891578291935,-0.00015066891577039874,-0.00012546525310277044,-9.093250957217912e-05,-9.093250957287279e-05,-9.093250957356649e-05,-9.09974857090038e-05,-9.09974857096975e-05,-9.240364331293148e-05,-9.240364331362518e-05,-9.240364331431886e-05,-9.257449773637203e-05,-9.257449773706571e-05,-6.056178086521275e-05,-6.0561780865906446e-05,-3.0518151962391247e-05,-3.051815196308493e-05,-3.0518151963778626e-05,-2.5780391288261707e-05,-2.5780391288955393e-05,2.7039349666732014e-05,2.7039349666038328e-05,2.7039349665344635e-05,6.185968579209411e-05,6.185968579140043e-05,9.351932860598121e-05,9.351932860528752e-05,9.351932860459382e-05,0.00011007968561814361,0.00011007968561744993,0.00011007968561675623,9.880312403436533e-05,9.880312403367163e-05,7.495325966000214e-05,6.669070343337771e-05,6.669070344589833e-05,6.0555511051662e-05,6.0555511050968314e-05,4.6454531975416754e-05,6.108153153556997e-05,3.4598200167133096e-05,-1.1509361618313765e-05,-1.150936161900746e-05,-4.176238219556173e-05,-4.176238219658216e-05,-1.589713741370157e-05,-1.589713741439526e-05,-1.9754698953086226e-05,-1.9754698953779922e-05,1.7111677035856644e-05,1.7111677035162958e-05,1.7111677034469265e-05,2.7829963293294013e-05,2.7829963292600317e-05,3.7541196151467314e-05,3.754119615077363e-05,4.811845968681806e-05,4.811845968612436e-05,4.8118459685430673e-05,9.907327847976177e-05,9.907327847906808e-05,0.00014767663856260144,0.00014767663856190774,0.00014767663856121407,0.00020178195753639677,0.00020178195753570307,0.00020178195753500937,0.00024139306695595305,0.00024139306695525938,0.00024139306695423893,0.00024139306695354523,0.0002866418889204764,0.0002866418889197827,0.000286641888919089,0.00032457022079045454,0.0003160543744015299,0.00030753852801260526
2014-02-01,0.00033035321721262357,0.00033035321721192984,0.0003303532172112361,0.00033035321721021577,0.00033035321720952204,0.00033035321720882837,0.00033035321720813464,0.0002984201525980969,0.0002984201525970765,0.00028582434989303366,0.00028582434989234,0.0002858243498916463,0.0002715968767370802,0.00027159687673605976,0.0002773570298567708,0.00027735702985607713,0.00027735702985538346,0.00021566267812119904,0.00021566267812017862,0.00015497550940862597,0.00015497550940793227,0.00012421898667360122,0.00012421898667290754,0.00011137147411723534,8.645981944975808e-05,5.3363424289862356e-05,2.9451050050534616e-05,1.555467591198429e-05,-1.1684442529720796e-05,-3.651201645575088e-05,-3.651201645644457e-05,-5.7758899158507035e-05,-7.447275627991753e-05,-7.447275628093795e-05,-8.8771361071791e-05,-0.00010202048532808847,-0.00010202048532878218,-0.00010481601977960361,-9.720144132018224e-05,-0.0001020537519973779,-9.894902171602193e-05,-0.0001130861528401003,-9.868627959434794e-05,-9.868627959504163e-05,-9.868627959606208e-05,-9.150386257695829e-05,-9.150386257765197e-05,-0.00010188814364887436,-0.00011270947144728996,-0.0001127094714483104,-0.00011270947144900408,-0.0001369952314888209,-0.00013699523147630026,-0.0001478152417963429,-0.00015789964209117475,-0.00015789964209186842,-0.00016490658519621582,-0.00016490658519690952,-0.000159120853425703,-0.00017038119545594136,-0.00017038119545663503,-0.0001677853636726121,-0.00016778536367330576,-0.00012913550888678775,-0.0001291355088878082,-0.00013149598633312726,-0.00013149598633382096,-0.00013149598633451466,-0.00012552408961959556,-0.00012552408962061598,-0.00011316558192555606,-0.00010304784656848464,-0.00010304784656917834,-0.00010031149431118021,-9.633717785663068e-05,-9.633717785732436e-05,-8.506923644181836e-05,-9.607304233705191e-05,-9.60730423377456e-05,-0.0001006488813539637,-0.00012636920595262267,-0.0001263692059533164,-0.00012636920595401007,-0.0001564375014414717,-0.00015643750144249212,-0.00015812810594502378,-0.0001378061383418983,-0.00013780613832937768,-0.0001174034758395943,-0.00011740347584061474,-9.878646028805744e-05,-8.013606550286322e-05,-8.01360655035569e-05,-7.889477773271317e-05,-7.889477773373362e-05,-8.882830545976754e-05,-8.882830546046124e-05,-5.938277995424999e-05,-5.938277995494368e-05,-5.99093717848867e-05,-5.99093717855804e-05,-3.198555022312776e-05,-1.985130306517579e-05,-1.9851303065869482e-05,2.2059510306838046e-05,2.2059510306144346e-05,4.233993177405532e-05,4.2339931773361636e-05,6.853603240136375e-05,6.853603240034332e-05,8.733702619862363e-05,8.733702619792993e-05,9.829534427404886e-05,9.829534427335518e-05,0.00010305079224067113,0.00010305079223997744,0.00010861073014116733,0.00010861073014047363,9.143085397120398e-05,9.143085397018355e-05,7.935900540098298e-05,7.935900541350359e-05,6.685621278945833e-05,6.685621278876465e-05,6.286672264263951e-05,4.03805337992888e-05,4.038053379859511e-05,2.17402866866864e-05,-7.186825952033432e-07,-1.1575844336407592e-05,-1.1575844337428028e-05,-1.5053146857118947e-05,-1.5053146857812633e-05,-1.8118932841046723e-06,-1.8118932847983668e-06,-1.8118932858188027e-06,1.1711007170233852e-05,2.7712302782907716e-05,2.7712302782214027e-05,3.356253716090826e-05,3.356253717310213e-05,4.7909495311975745e-05,4.877331800550319e-05,4.8773318004809506e-05,8.330552581808557e-05,8.330552581706514e-05,0.00013199560789223512,0.00013199560789154142,0.00016789079748744947,0.00019670033695912728,0.00019670033695810683,0.00019670033695741313,0.0002160855833536102,0.00021608558335291654,0.0002499596069840381,0.0002499596069830176,0.00024995960698232395,0.0002499596069948446,0.0002768952668923592,0.0002768952668916655,0.00028296524102609463,0.00028296524102540096,0.0002829652410247073
2014-08-01,0.0004726201916665225,0.0003908311316167402,0.00036663917929217614,0.0003666391792911557,0.000366639179290462,0.00036245028566238464,0.000362450285661691,0.00035398824850516275,0.0003555440049554172,0.0003570997614059984,0.00027482292165345644,0.0002748229216527627,0.00027482292165206904,0.0002748229216510486,0.00022770246616685028,0.0002277024661661566,0.0002277024661654629,0.00018021073242789347,0.00018021073242687304,0.00018021073242617934,0.00018021073242548564,0.00018021073242479194,8.106324147218439e-05,8.106324147116395e-05,8.106324147047025e-05,8.106324146977657e-05,2.0308534443905732e-05,2.0308534443212036e-05,2.0308534442191602e-05,-4.809276429816449e-05,-4.8092764298858184e-05,-4.809276429955188e-05,-6.995007958827996e-05,-6.99500795893004e-05,-6.995007957677978e-05,-6.995007957747348e-05,-8.595127438090668e-05,-8.811074174287033e-05,-9.027020910516072e-05,-8.776479853141675e-05,-8.776479853211044e-05,-8.776479853280413e-05,-8.776479853349783e-05,-6.710937325986106e-05,-6.710937326088151e-05,-6.71093732615752e-05,-6.71093732622689e-05,-4.9542534921401886e-05,-4.954253492209558e-05,-4.9542534923116017e-05,-4.199079938023327e-05,-4.199079938092696e-05,-4.199079936840635e-05,-4.1990799369100036e-05,-1.996152783218415e-05,-1.996152783287785e-05,-1.9961527833571543e-05,-1.9961527834265236e-05,-3.215162185835232e-05,-3.215162185937275e-05,-3.2151621860066436e-05,-4.4513711728724566e-05,-4.451371172941826e-05,-4.451371173011195e-05,-5.329133273184805e-05,-5.329133273254174e-05,-5.329133273323544e-05,-8.044323615605603e-05,-8.044323615674972e-05,-0.0001025114984673342,-0.00010251149845481357,-0.00010251149845550727,-0.00010264663521241799,-0.00010264663521311169,-0.00010264663521413211,-7.996045966047509e-05,-7.996045966116877e-05,-7.996045966186247e-05,-0.00011016597446555657,-0.00011016597446657702,-0.0001101659744672707,-0.0001101659744679644,-0.00012707329800970497,-0.00012707329801039865,-0.0001270732980114191,-0.00013903390184987253,-0.00013903390185056623,-0.0001390339018380456,-8.707167088740003e-05,-8.707167088842047e-05,-8.707167088911415e-05,-7.770692296446693e-05,-7.770692296516062e-05,-7.77069229658543e-05,-8.439060019589436e-05,-8.439060019658804e-05,-8.439060019728174e-05,-5.9529185425207434e-05,-5.952918542590112e-05,-5.140696790645724e-05,-5.140696790715093e-05,-2.0080965089410484e-05,-2.008096509010417e-05,-2.0080965090797857e-05,2.241196240317073e-05,2.241196240247704e-05,7.749210950996573e-05,7.749210950927203e-05,9.798017721305974e-05,9.798017721203931e-05,0.0001203773063182765,0.0001272685966147955,0.0001272685966141018,0.00012711277524209147,0.00012711277524107102,0.0001345725733163684,0.000145024207105608,0.0001450242071049143,0.0001485329243849002,0.00014098580142949478,0.00014098580142880108,0.0001269299448056875,0.00012190448951858164,0.0001307096543489926,0.000131621527629426,0.00012051675846615927,0.00010913356175172573,0.00010332675497577894,8.553228193095905e-05,7.867314046925867e-05,7.867314046823823e-05,8.562661660851216e-05,8.562661660781846e-05,7.565143177996268e-05,7.565143177926898e-05,6.463215088861333e-05,6.463215088791965e-05,5.5518447930693526e-05,5.551844792999984e-05,6.360371733287248e-05,6.360371734506634e-05,9.934169489763486e-05,9.934169489694117e-05,0.00011357332212054908,0.0001286505091362138,0.00016945569003151264,0.00016945569003081894,0.00019576096110214417,0.00023702058557581964,0.00023702058557512594,0.0002461521689689797,0.000246152168968286,0.00027848472412901203,0.0002784847241283183,0.0002863943383113768,0.0002940378136900999,0.00029477099824661555,0.00032021388206780375,0.00032021388206711,0.00033892903680606164,0.0003413801952766155,0.0002993879660850819,0.00029938796608438824
2015-01-01,0.0004186267682681152,0.00028701882853370003,0.00028701882853300636,0.000262920698974014,0.00026292069897332034,0.00026292069897262667,0.0002494024196081613,0.0002494024196074676,0.0002494024196064472,0.00023546780632074889,0.00023546780632005519,0.00021315160313365713,0.00021315160313296343,0.00021024405660286378,0.0002102440566021701,0.0002102440566014764,0.0001462871631710734,0.00014628716318359401,0.00011072658587548353,0.00011072658587478983,8.312223968967499e-05,8.312223968898129e-05,7.22939022076478e-05,5.6045483739278956e-05,5.604548373858527e-05,3.874420289376435e-05,3.8744202893070665e-05,-2.4723761800067283e-05,-2.472376180108772e-05,-5.50508198589387e-05,-5.5050819859632396e-05,-8.427304130024737e-05,-8.427304130094106e-05,-0.00010802172501364172,-0.0001080217250011211,-0.00011152118398021968,-0.00011152118398091338,-0.0001171393365835108,-0.00011713933658453123,-0.0001099955170908284,-0.0001099955170915221,-0.00010457550441374518,-0.00010457550441443888,-9.961297317398318e-05,-9.96129731750036e-05,-9.859295537141365e-05,-9.859295537210735e-05,-0.0001049792770576105,-0.00010497927705830418,-0.00013960108376100033,-0.000139601083761694,-0.0001527253795795251,-0.0001527253795670045,-0.00014819947804656282,-0.00016203321396107814,-0.00016203321396177184,-0.00016426063845019568,-0.00016426063845088938,-0.0001513538046083845,-0.00017233239857247925,-0.00017233239857317298,-0.00018211150814864238,-0.000196340656780349,-0.00019634065678104273,-0.00017654399829009052,-0.00017654399829078422,-0.00017778828706862713,-0.0001777882870693208,-0.00016975307460202491,-0.00016433066668295645,-0.00017045649687813668,-0.00016216696547572304,-0.00014191762074509755,-0.0001418101334102924,-0.00015697653763757888,-0.00016929456120346094,-0.0002001837830541449,-0.00020331310578276603,-0.00019907916160662889,-0.00019833055867012417,-0.00018853827048630802,-0.00016457236966040676,-0.00016082157011425345,-0.00014315978455547502,-0.00014141185737142123,-0.0001812896208952036,-0.00018310037226686022,-0.0001764419917651139,-0.0001852533679240167,-0.00019207440399112701,-0.0001759301283666608,-0.0001889517932914008,-0.00015955652819469885,-0.00017788217153504905,-0.0001694084164854661,-0.00015808207097064755,-0.00016064647346877335,-0.000145636871644486,-0.0001472732541918411,-0.00014727325419286151,-0.0001341405759535665,-0.00012645589581639817,-0.00010557116249016767,-0.00010245432977583783,-9.969502215641956e-05,-8.189817210599174e-05,-7.359100776857739e-05,-5.642706419258116e-05,-4.941683128518196e-05,-3.2950663781410494e-05,-2.5153667492251323e-05,-1.234679891281046e-05,-3.7175170215137316e-06,1.642408795883798e-05,2.0784680496926613e-05,1.2007179422414933e-05,1.200717942172124e-05,1.5980456248528608e-05,1.5980456247834912e-05,5.279914139299591e-06,5.279914138605898e-06,-9.656961059305069e-07,-2.214712556524695e-05,-1.4729139718691309e-05,-1.4729139719384998e-05,-1.902545406894677e-05,-1.2368925599672955e-05,-3.480790254355827e-05,-8.236353228296457e-05,-8.193999832094019e-05,-8.11594728307784e-05,-6.392542959622147e-05,-2.9292085095614132e-05,-2.9292085096307825e-05,-1.9202989681857886e-05,-2.8534038707352097e-06,-2.853403871428896e-06,3.4458645124068763e-05,4.046221017941585e-05,6.545116335994705e-05,6.829384968175279e-05,9.071828595361186e-05,0.00011099964151829699,0.00012804292128918262,0.00017206303990988792,0.00018522130986965907,0.00018522130986896537,0.00018465633686940363,0.00019591554391495776,0.0001959155439142641,0.00022347167324890667,0.00023972997226081092,0.00023972997226011722,0.00025332491723836277,0.00025332491723766904,0.0002715641879563952,0.0002715641879557015,0.00028313428995600977,0.0002831342899553161,0.0002769645852493437,0.0002769645852483233,0.000271329860705209,0.0002474020435970852
2015-08-01,0.0003802086323839238,0.00027470235303203724,0.000261623854142672,0.00025609752201329066,0.000239663523427209,0.00023966352342651533,0.00024245468364591797,0.00024245468364522427,0.00025286960590509375,0.00025298176045349086,0.0002524817799229799,0.00025186964484337813,0.00023886833639969233,0.00022487542920751017,0.00022487542920681647,0.00020875063711311878,0.00018455592216670217,0.00016397783765488883,0.00012660870391193737,9.916334669472572e-05,5.5532306029965715e-05,4.711838478612116e-05,4.7118384785427464e-05,1.5207407118875482e-05,1.5207407118181796e-05,1.5207407117488097e-05,-1.3219532108998131e-05,-1.3219532109691822e-05,-2.5932595887711843e-05,-4.877434132207789e-05,-6.295534112780651e-05,-6.57675998732329e-05,-6.576759987392658e-05,-8.77727627541747e-05,-9.419301059494217e-05,-0.00010741986577039384,-0.00010741986577108753,-0.00010466213122640972,-0.00011687246636353464,-0.00011687246636422834,-0.00010931141233732486,-0.00010931141233801854,-9.488199499894973e-05,-9.226288588191285e-05,-9.340466660447557e-05,-9.340466660516926e-05,-9.869558967427664e-05,-0.00010253220436622784,-0.00010060321298259221,-8.2525634514136e-05,-7.730476735796508e-05,-7.485043365333376e-05,-8.185441513059462e-05,-7.28979637046169e-05,-7.283275517264283e-05,-8.769772202796977e-05,-9.456769371554182e-05,-8.383873907545433e-05,-8.421552597419694e-05,-7.831427082360583e-05,-9.252134841900158e-05,-0.0001008288513591297,-0.00011011195181110872,-9.593372711285161e-05,-0.00010001153687579479,-0.00010001153687648847,-9.090810742743222e-05,-0.00010525791055787728,-0.00010679520163380261,-0.00011268891901878744,-0.00011655943114708317,-0.00011655943114777686,-0.00012042392178628949,-0.00011859897059537734,-0.00011989654154295724,-0.00012558154266042093,-0.00013935177023351782,-0.0001472934994632552,-0.00014365412077429695,-0.0001337690517291676,-0.00013252186514109136,-0.0001161850825702686,-0.00011618508257096227,-0.00011954389978656732,-0.0001240702250638354,-0.0001240702250645291,-0.00013255164774241213,-0.00014091958478205268,-0.00013650541893582433,-0.00013235959885748048,-0.00012720872167861532,-0.00012205784449975015,-0.00011249328826629448,-0.00010259536605800893,-8.113456263497148e-05,-9.521153469833592e-05,-9.065910079593333e-05,-9.268829613955255e-05,-9.526475187345275e-05,-8.059207832004356e-05,-8.97106570037101e-05,-7.459771843466808e-05,-7.459771843536177e-05,-5.350822032727315e-05,-3.381181177058022e-05,-3.3811811771273904e-05,-1.8630450125403174e-05,9.75312433164525e-06,9.753124330951553e-06,3.37904354352679e-05,3.934830515152245e-05,3.9348305150828756e-05,4.540578255265021e-05,4.755581213600351e-05,5.214655412047669e-05,6.66886010664548e-05,6.66886010657611e-05,6.17702629572627e-05,5.515029117285891e-05,9.585539496280581e-06,1.7783008799422348e-05,1.7783008811942965e-05,2.477412249501119e-05,1.7786081783331194e-05,1.77860817826375e-05,2.0366371717852084e-05,5.660745969025629e-06,5.660745968331934e-06,5.968151987046529e-06,5.968151986352836e-06,1.0972644430285416e-05,1.0972644429591727e-05,1.3083733425578528e-05,2.6196840419033788e-05,2.6326917567077384e-05,9.151126080998023e-06,2.5475185954283163e-05,3.563296506648162e-05,6.016414948039018e-05,8.185022350027833e-05,8.18502235124722e-05,0.00011887378429743456,0.00015989830025994614,0.00015989830025925247,0.00019112155865219933,0.00020617121733552217,0.00022111588157544925,0.00022111588157475558,0.00022198812499050737,0.0002310636204131399,0.00025206031141771976,0.0002595486161130728,0.0002601912075137995,0.00026019120751310577,0.00026676875997551575,0.0002667687599744953,0.00028421847811139003,0.00030178659218011106,0.0003017865921794174,0.00032840903793791837,0.00032872573082248335,0.0002921258644772349,0.0002921258644765412
2015-12-01,0.00040546543718155445,0.0003305519844765733,0.0003253759420766324,0.000325375942075612,0.0003253759420749183,0.00032537594207422455,0.0003253759420735309,0.0002820489660137371,0.00028204896601271667,0.00028204896601202294,0.0002820489660113292,0.00027919529778963793,0.0002791952977889442,0.00027919529778792375,0.0002519454874655647,0.000251945487464871,0.0002519454874641773,0.00019244263942818805,0.0001946819847989235,0.0001969213301699857,0.00019692133016929205,0.00012133407719208364,0.00012133407719138996,0.00012133407719036951,9.444086482075445e-05,9.444086482006075e-05,9.444086481936706e-05,4.465896072210837e-05,4.465896072108795e-05,-2.72619095444881e-05,-2.726190954518178e-05,-2.7261909545875474e-05,-3.8512485199145835e-05,-3.8512485200166266e-05,-3.851248518764565e-05,-5.940489238343618e-05,-7.562381768348973e-05,-7.562381768418342e-05,-0.00010304413102002707,-0.00010304413102072077,-8.793730876747145e-05,-8.793730876816515e-05,-6.395591997358798e-05,-6.395591997428166e-05,-5.660081273513317e-05,-5.660081273582686e-05,-7.076373185469344e-05,-8.057582376880007e-05,-8.483594305516072e-05,-7.390642482454638e-05,-8.765505981463431e-05,-9.451210687988612e-05,-9.443056672045698e-05,-9.443056672115067e-05,-8.405859917259395e-05,-0.00010589025243422538,-0.00011316584977814724,-0.00011316584977884094,-0.00011464681233110294,-0.00012418499240751744,-0.00010170326506302696,-0.00010315140584859117,-9.162708576009208e-05,-8.191969420407195e-05,-8.191969420509238e-05,-8.711261094702454e-05,-0.00010178394153956318,-0.00010178394154025685,-0.00010579618444874941,-0.00010767779156873405,-0.00010767779155621344,-0.00010869861782850065,-0.00010228581041550292,-0.00010228581041619661,-0.00010770301526923365,-0.00010881980560369892,-0.00011062960353675291,-0.00013885945897263046,-0.00014479590385290872,-0.00016008501886821601,-0.00015379066293980332,-0.00016928011410556853,-0.00015526272193492659,-0.00016561567922363077,-0.00016010577056053559,-0.00017013313621094199,-0.0001639506217889675,-0.00016436268725433695,-0.00015256101891986432,-0.0001490551961774392,-0.0001527209251077772,-0.00013236228311100634,-0.00013356598739510655,-0.00012699389558046376,-0.0001349770016098761,-0.00011775186956072428,-0.00011262256445429073,-0.00010852167338497805,-0.00010998103345195296,-0.00011562838732271161,-0.00010836807580071449,-0.0001065374969796013,-0.00010425119217574618,-0.00010309132960197856,-0.00010071488668436863,-9.50238785945517e-05,-8.492920600694059e-05,-8.017430659009494e-05,-7.712897489002148e-05,-7.526535945833775e-05,-6.947147064677271e-05,-5.6434699197744796e-05,-5.065116007974919e-05,-3.78686448238642e-05,-1.810263934314716e-05,-1.548251431515999e-05,-2.902888016816497e-05,-2.5285174635955195e-05,-3.0211814731348415e-05,-3.154001701911241e-05,-3.158939656880257e-05,-4.659041288971972e-05,-5.0965844246923155e-05,-4.362516201717886e-05,-4.5875267456540385e-05,-5.840196622983529e-05,-6.594568535399389e-05,-8.095352693843463e-05,-9.559112735855351e-05,-0.00011147073171741224,-0.0001039675533320726,-9.550299505062799e-05,-7.18974037853798e-05,-6.384870163610138e-05,-5.386106835146342e-05,-4.878394929728229e-05,-3.113530935218514e-05,-3.879925355163995e-05,-2.25035892905277e-05,-2.228843127333365e-05,-1.7517900273641905e-05,-3.062725985567846e-06,2.3413001518710878e-05,2.4392491087586964e-05,5.5654987787379526e-05,6.887303208288395e-05,9.683194267812331e-05,0.00011869065377193087,0.0001533324226914544,0.00017612019658073936,0.0002127504674794898,0.00021794128690649369,0.00022313210633349758,0.00026876569440310925,0.0003026881126307857,0.0003026881126297653,0.0003096924868724667,0.00032159135329988954,0.0003189319320287275,0.00031893193202803385,0.00033008704482045313,0.00028730443804835236,0.000255165353557407
2016-04-01,0.000555671475366151,0.0003131613080054892,0.00031316130800479545,0.0003131613080037751,0.00033459536906910495,0.0003345953690684112,0.0003345953690677176,0.0003522597503048064,0.000352259750303786,0.0003247436759616323,0.00030972967234282574,0.000298289129896849,0.0002982891298961554,0.00025977006344289795,0.0002597700634422042,0.00025977006344151055,0.0002075815250708518,0.00020758152508337238,0.00020758152508235198,0.0001650252875899794,0.00016502528758928573,0.00016502528758859206,0.00011033785919345187,0.00011033785919243143,0.00011033785919173776,4.344368871035284e-05,4.344368870965914e-05,8.063150738705406e-06,8.063150737684977e-06,8.06315073699129e-06,-2.2557359261983645e-05,-2.2557359262677334e-05,-5.961619080944116e-05,-5.961619081046159e-05,-7.909912010306434e-05,-7.909912010375803e-05,-9.31475503016431e-05,-9.31475503023368e-05,-9.314755030335724e-05,-0.00010400035717424558,-0.00010324753452882727,-9.990672105962893e-05,-9.990672106032262e-05,-0.00011238419695189548,-0.0001123841969529159,-0.00010773783793621328,-0.00010773783793690698,-0.0001147257071869727,-0.0001147257071876664,-0.00011096013737457429,-0.00011292677905890286,-0.00011292677905959655,-0.00011438651044239836,-0.0001269754537108552,-0.00011630851121883465,-0.00011630851121952835,-0.00013505064442963862,-0.00013505064443033232,-0.00013505064443102601,-0.00014022878455760245,-0.00014022878455829612,-0.00014022878455898982,-0.0001276608303246244,-0.00012766083032531814,-0.00012766083032633856,-0.00012766083032703226,-0.00012331456786990113,-0.00012331456787059483,-0.00012331456787128853,-0.0001061639163766761,-0.00010616391636415546,-0.00010616391636484916,-0.00010616391636554285,-9.782811034723162e-05,-9.782811034825205e-05,-0.0001303796327451484,-0.00013037963274584212,-0.0001303796327465358,-0.00012497564948851369,-0.00012497564948953414,-0.0001381053303193692,-0.00013810533032006288,-0.00020208411589398427,-0.00020208411589467797,-0.0002020841158956984,-0.0001929516422550704,-0.0001929516422557641,-0.00017579738835972808,-0.00017579738836042175,-0.0001757973883614422,-0.00016952875325687406,-0.00016952875325756774,-0.0001244199712971162,-0.00012441997129780994,-0.00010357600849896905,-0.00010357600849966276,-9.378725841715953e-05,-9.023072763560166e-05,-9.023072763629536e-05,-8.358519866288262e-05,-8.35851986635763e-05,-8.358519866427e-05,-4.9392717386753155e-05,-4.9392717387446855e-05,-4.939271737525298e-05,-3.500670426480477e-05,-3.5006704265498455e-05,-1.3382927879458762e-05,-1.3382927880152458e-05,1.103548901120837e-05,1.1035489010514677e-05,-7.293079298612469e-06,-7.293079299306155e-06,-8.451862532857127e-06,-8.451862533877557e-06,2.453826057811857e-05,7.500703620652254e-06,7.500703619958564e-06,7.500703619264882e-06,1.7187023549914741e-06,1.7187023542977812e-06,-2.6019940534170358e-05,-2.6019940534864058e-05,-2.6019940535557744e-05,-2.339640647099824e-06,-2.339640648120253e-06,3.439776238633666e-06,3.4397762379399793e-06,-3.247607742712338e-05,-3.247607742781707e-05,-4.259328289872511e-05,-4.259328289941881e-05,-4.2593282900112506e-05,-1.7369314526571606e-05,-1.7369314527265292e-05,-1.736931452828573e-05,-2.1354516329255473e-05,-2.1354516329949166e-05,-1.670626981340518e-05,-1.6706269814098878e-05,1.0443089731052271e-05,1.0443089730358582e-05,4.800493008241526e-05,4.800493008172157e-05,0.00013632951757022645,0.00013632951756920603,0.00013632951756851233,0.00021139612486822506,0.00021139612486753141,0.00021139612486683772,0.0002472233573228331,0.0002472233573221394,0.00028914611504195193,0.0002891461150412582,0.0002891461150405646,0.00031629401250968855,0.0003162940125089949,0.00033476354651348683,0.00033476354651279316,0.0003297573703482516,0.00032975737034723115,0.00027558217253828126,0.0002443392912671376
2016-12-01,0.0004256926295907316,0.0002694464547016581,0.00026944645470096444,0.0002892975542300757,0.000289297554229382,0.0003238275429503001,0.00032382754294960645,0.00027853655113892553,0.00027853655113790513,0.0002730581774344249,0.00027305817743373124,0.0002429838284715061,0.0002429838284708124,0.00024298382846979198,0.0002193733214216714,0.00021937332142097773,0.00017181418412024103,0.00017181418413276167,0.00016606562320975433,0.00016606562320906065,0.00014474731175453338,0.00014474731175383968,0.00010914621086499475,0.00010914621086397431,7.845149197495184e-05,7.845149197425815e-05,1.2574491744438868e-05,1.2574491743745169e-05,-2.137741842801527e-05,-5.8580495375541556e-05,-5.8580495376235256e-05,-6.286338441283481e-05,-5.386617025406275e-05,-9.311347169860021e-05,-9.311347168607959e-05,-8.006544131750304e-05,-9.245351813563505e-05,-9.488153959447296e-05,-7.944757035008289e-05,-9.709913784394223e-05,-0.00012034957714422546,-0.00012005757071699034,-0.00012070417870513174,-0.00012187412654783964,-0.00013393327317563953,-0.0001232690408245993,-0.00011021616837841842,-9.419637520279803e-05,-0.0001035511075288718,-0.00010355110752989224,-0.00011042726246807502,-9.250548926911956e-05,-8.286330749643794e-05,-0.00010034416004775745,-0.00010074964204451069,-0.00010484018596913719,-0.00011349968258481643,-0.00012259169172868404,-0.00011527090947278053,-0.00010633955831095294,-0.00011561831833701448,-0.00010268348980338797,-9.250536762685968e-05,-0.0001042678500046209,-0.00010389855955948094,-0.00011276634159591702,-0.00012222020573724674,-0.00011842663521329317,-0.00013337487194675892,-0.0001342347215019867,-0.00014072428454077528,-0.00013350431099986846,-0.00012915386998887523,-0.00012915386998956895,-0.00011406816285682589,-0.00011406816285751958,-0.00012387233427797961,-0.0001301784933846908,-0.0001301784933853845,-0.00013851942022318308,-0.00016095689579772018,-0.00016095689579841388,-0.00018877731008005899,-0.00019365145775361602,-0.00019365145775463648,-0.00017565175806750653,-0.00017565175806820023,-0.00017123116250699293,-0.00017123116250768663,-0.00017123116250870705,-0.00016294167645463615,-0.00016294167645532982,-0.00016294167645602352,-0.00011615519847563826,-0.00011615519847665868,-0.00011615519847735238,-9.154108773771027e-05,-9.154108773840394e-05,-9.154108773909764e-05,-5.2946947491834155e-05,-5.294694749252784e-05,-5.294694749322154e-05,-2.8818655922148797e-05,-2.8818655922842497e-05,-2.8818655910648624e-05,-2.8818655911342317e-05,6.032671418714428e-06,6.032671418020739e-06,6.032671417327049e-06,1.8837108522208577e-05,1.8837108521514884e-05,1.883710852082119e-05,4.147863929289637e-05,4.147863929220267e-05,4.1478639291182246e-05,4.147863929048856e-05,5.34880840279358e-05,5.348808402724211e-05,5.3488084026548415e-05,2.944826855066821e-05,2.944826854997452e-05,2.944826856249514e-05,1.842847690421781e-05,1.8428476903524118e-05,1.4511718461299254e-05,1.4511718460278821e-05,1.4511718459585123e-05,-1.752195624989918e-05,-1.7521956250592874e-05,-4.4869902068852836e-05,-4.486990206987326e-05,-7.03332998474658e-05,-7.033329984815949e-05,-7.51537961413384e-05,-7.51537961420321e-05,-7.729387927874987e-05,-7.729387927944356e-05,-4.8084216450043757e-05,-4.808421645073745e-05,-3.2028101801182866e-06,-3.2028101679244105e-06,1.6663561941899127e-05,1.6663561941205427e-05,4.5973032431918216e-05,4.5973032431224524e-05,7.66431303089138e-05,0.00012992655004788483,0.00012992655004719113,0.00014244330163446455,0.00016047070042254352,0.00015034216282827366,0.00015380041984690827,0.0001538004198462146,0.00017902958388062528,0.00019949368009297838,0.00019949368009195792,0.00021338198000720802,0.0002346840816137515,0.0002346840816130578,0.000245535452911506,0.0002582833688920956,0.00023741951229082386,0.00023741951229013018
2017-12-01,0.0003948799258070698,0.0002407753304877242,0.00020875570466699433,0.00020875570466597393,0.00018581395845633847,0.0001482376622875484,0.0001482376622868547,0.00012866785780295481,0.00012866785780193436,0.00014091369057219377,0.0001409136905715001,0.00011410403670331483,0.00011410403670262113,6.359191081706906e-05,6.359191081637537e-05,5.643494366738885e-05,5.6434943666695155e-05,5.6434943679215766e-05,5.0460261845080565e-05,5.046026184438687e-05,5.4247972905085844e-05,5.424797290439215e-05,3.695372195229299e-05,3.695372195127255e-05,3.7285961342806406e-06,3.728596133586946e-06,3.728596132893255e-06,5.9979100835370045e-06,-1.7610194872992914e-05,-1.689721157772761e-05,-2.7291608115031482e-05,-1.7996648701021456e-05,-1.799664870171515e-05,-2.361981838768965e-05,-3.991385635393527e-05,-7.048837621827555e-05,-6.910631533739068e-05,-0.0001229868898662986,-0.00015708403848861414,-0.00016922111369990938,-0.00016922111370060308,-0.00016922111370129678,-0.0001462468439652002,-0.0001462468439658939,-0.00014624684396691436,-0.00016632714399726625,-0.00016632714399795993,-0.00017305894401197782,-0.00017305894401267152,-0.00017305894401369195,-0.00016735536886498562,-0.00016735536886567932,-0.00016735536885315868,-0.00016735536885385238,-0.00016678314203309974,-0.0001667831420337934,-0.0001667831420344871,-0.00018104174710931599,-0.0001810417471100097,-0.00017554686490990504,-0.0001755468649105987,-0.00015042406675226923,-0.00015042406675296293,-0.00014268248463030853,-0.00014268248463132895,-0.00013732499180042068,-0.0001373249918011144,-0.00013887970976530063,-9.513224936740559e-05,-8.152339821405915e-05,-6.791454704717168e-05,-5.7142881017491094e-05,-6.833907205573293e-05,-8.214576359128438e-05,-8.214576359230482e-05,-0.00011491819967118569,-0.00011640120563617143,-0.00011640120563686513,-0.00010472319000339917,-0.00010239318055379017,-0.00010131737917292404,-0.00010131737917361772,-9.677152908287347e-05,-9.677152908356716e-05,-0.00012316399696275134,-0.00011740701617360925,-0.00013007265868724774,-0.00013436490965034806,-0.00012498930372145466,-0.00011175567510693897,-0.00012210644363263792,-0.00012836616706182893,-0.00014215607243919106,-0.00014451295843106868,-0.00014386819484183053,-0.0001363601563934852,-0.00013978899873662136,-0.00013568586847840621,-0.00013245637295860745,-0.0001556529988569762,-0.00016329559106992628,-0.0001572369860511582,-0.00012027330281304255,-9.805162580308771e-05,-9.414847626863076e-05,-9.194467059769479e-05,-7.494985246439893e-05,-6.562405246509853e-05,-4.844722492439453e-05,-4.042380621467722e-05,-2.243265508092449e-05,-8.106514990312752e-06,6.604541880698986e-06,4.3122313479607e-06,1.4332559464455355e-05,2.5882153018351466e-05,2.3515510607189818e-05,2.3071760004611416e-05,2.1514197361066262e-05,2.3615063269761643e-05,1.9752860430551993e-05,1.2016229796671251e-05,4.997012024116954e-06,-1.0733525227643206e-05,-1.8848190947899206e-05,-2.3662339433015866e-05,-3.158909567532818e-05,-4.165917292258548e-05,-3.5451161814163465e-05,-4.049983159607675e-05,-4.430039893573854e-05,-5.180773504400566e-05,-5.6827827231918684e-05,-5.2581654545298696e-05,-4.706460757053615e-05,-4.524951165682075e-05,-3.943837536597142e-05,-8.768136510936545e-06,6.038943283744082e-06,1.973824588923282e-05,3.096426735541964e-05,5.39312305201275e-05,7.312212020772218e-05,8.131749289885649e-05,0.00011123053669116084,0.0001326289755977095,0.00013311856037594627,0.00012209409411387379,0.00011782070713055715,0.00012133965653363803,0.0001345905915195452,0.00014660546437105068,0.00015811223159429406,0.00017548232409092548,0.0001911155570158474,0.00020944812244820966,0.00022936612714047957,0.0002316699375095013,0.00023637404474282552,0.00023132446334024858,0.00023132446333922816,0.00023713450841153258,0.0002371345084108389
2018-11-01,0.00039777495256237483,0.0002274886259756643,0.0002278304205803534,0.00024089631050261957,0.00024089631050192587,0.0002365566502103483,0.0002349326132363227,0.0002175472758265967,0.00023812177427346722,0.00023812177427277355,0.00022983226736811999,0.0002298322673674263,0.00018127843053934744,0.00018127843053832702,0.00015208075728784319,0.00013693624974498166,0.0001405305226483834,0.0001188429609554015,0.00011884296095438106,9.038129775404302e-05,8.606024596848798e-05,5.844713102581154e-05,5.8447131025117844e-05,4.689901765995942e-05,5.526803406901511e-05,3.829400485031638e-05,8.871155930360221e-06,8.871155929666525e-06,-5.0922536189737316e-05,-6.809392598312746e-05,-8.681654418588525e-05,-0.00010259870597516529,-0.0001020998777627268,-0.00010946659505280568,-0.00011563560635179676,-0.00013044759459981096,-0.00016052935441399324,-0.00015621031205348494,-0.00016438889672376305,-0.0001538459472828406,-0.00015151734077507617,-0.00015329390472331757,-0.00016489159980809609,-0.00016322471227897295,-0.00015961699093841418,-0.0001602454882828757,-0.0001759246948350568,-0.0001620926967984247,-0.00016363988013947187,-0.0001603108304577891,-0.00015391492839907848,-0.0001617483214278433,-0.00016572779207124156,-0.00017169627472596677,-0.00016147465911043994,-0.0001590800888528821,-0.00015908008885357578,-0.00015927878106659395,-0.0001676331545948156,-0.00017036133724643703,-0.00017092970401588577,-0.00016001571194251653,-0.00017199646176323062,-0.0001774416865878064,-0.00017653736838728942,-0.00017720044023502066,-0.0001818468034444844,-0.0001720482730795978,-0.00015982470653170302,-0.00015596150844547995,-0.0001378960243190016,-0.00015945599235715408,-0.00015561798019497554,-0.0001756403048426595,-0.00018175546945532842,-0.00019149961033424994,-0.00019360845570523798,-0.00018424206994638,-0.0001722076682853218,-0.00017617735293072985,-0.00017432587193679568,-0.00017688795236511716,-0.0001763463810153566,-0.00017069467197157595,-0.00017287597925589145,-0.00017308998047933558,-0.00016496242835708987,-0.00015597205305641225,-0.00016018185512872533,-0.00015464333573930055,-0.00014860876651148807,-0.00013836110716711807,-0.00014004438265038382,-0.00012326623053818324,-0.00012883757346408592,-0.00012878376718933202,-0.00012328359592963164,-0.00011645020661344098,-0.0001188798963748233,-0.00010819463512246816,-0.00010757265397402663,-9.619378184667969e-05,-8.510962822512119e-05,-7.164078408174693e-05,-5.859505010323943e-05,-5.255297681979022e-05,-4.090703899237158e-05,-2.640013466481668e-05,-1.7453999323865436e-05,-3.585704008043419e-05,-2.871514538854969e-05,-2.8285289263323114e-05,-2.888537381357931e-05,-1.9836367322714086e-05,-3.327907882438571e-05,-3.577509449435551e-05,-2.1395369802762113e-05,-1.629817787040968e-05,-1.9038692472488967e-05,-2.7510744152031228e-05,-3.485171916617428e-05,-4.2803269314815264e-05,-5.092640688559213e-05,-5.7170507391868575e-05,-7.828200232754298e-05,-8.096891038980093e-05,-9.156718897547536e-05,-0.00010554210516723211,-0.00012186677877251492,-0.00014057853527818965,-0.00013375937757980532,-0.0001234695571274746,-0.00011774364409452205,-8.683150910223728e-05,-7.079660610674088e-05,-6.006324749692806e-05,-5.9614413972299415e-05,-4.976337334900658e-05,-3.62572748726313e-05,-2.4100268161911357e-05,-1.022494872503694e-05,-9.672634546604505e-07,2.104857213245492e-05,1.7734736988575443e-05,3.7002348843379336e-05,4.4176206013030784e-05,5.0923580193857354e-05,7.021268830269102e-05,8.772629948072987e-05,0.00012046958070398181,0.00012046958070296139,0.00014880171787513892,0.00019528044725116767,0.00019528044725047397,0.00020760138070780978,0.00020760138070678933,0.00022088136548381438,0.00024213137043073508,0.00024223776263251982,0.00023389806309717198,0.00023701121061980545,0.00023089762133847382,0.00023089762133778014
2019-05-01,0.00043387778047631194,0.0002967576246199332,0.0003009999230730504,0.00030099992307202993,0.00031144114946554874,0.0003041597837819392,0.00030415978378124555,0.00030071283409267846,0.00030787609088790447,0.00030787609088721074,0.00029207654350919306,0.0002676439565329941,0.00026764395653230044,0.0002427641522204411,0.0002427641522197474,0.0002267737123085762,0.00022677371230788254,0.00020304620112657624,0.00018738995826766166,0.00018738995826696796,0.00016586023799009526,0.00013150117205353623,0.0001403068522348257,0.00011596415314281798,0.00011820884479660554,0.00010090735707664802,0.00010090735707595432,6.069828005999244e-05,3.566761228813005e-05,3.5667612287436365e-05,-1.6748251024904073e-05,-1.674825102559776e-05,-2.6076121824498324e-05,-2.607612182551876e-05,-5.3157665910666025e-05,-6.216828455163473e-05,-6.216828455232843e-05,-9.181409442853399e-05,-9.181409442955443e-05,-8.977896795452706e-05,-9.497210646057778e-05,-0.0001012918301868468,-0.0001112225971966316,-0.00011483364048084106,-0.00010957489409087075,-0.00011727527208591938,-0.00011970041975809422,-0.00012024250869480987,-0.00012011685442691294,-0.0001130008051797764,-0.00013082961331002847,-0.00013082961331072215,-0.00014055416200400145,-0.00014055416200469515,-0.00014055416200571557,-0.00012869176251117142,-0.00012869176251186512,-0.00012904460689861796,-0.00012904460689931166,-0.00014281465783403505,-0.00014281465783472873,-0.00014312232146166607,-0.00014312232146235975,-0.00014953936681352478,-0.00014953936681454523,-0.00014311032831331217,-0.00014311032831400587,-0.00014311032831469954,-0.00014746629256552437,-0.0001474662925665448,-0.00013684955958111807,-0.00013684955958181175,-0.00013684955958250547,-0.00013900778357001981,-0.00013900778357104027,-0.00013900778357173394,-0.00013931566418279605,-0.00013931566418348972,-0.00013931566418418345,-0.00014246376938585842,-0.0001424637693865521,-0.0001424637693872458,-0.00013813455027900304,-0.00013813455027969674,-0.00013813455028071717,-0.00014141311228988131,-0.000141413112290575,-0.0001291236858963659,-0.0001291236858970596,-0.00012912368589808004,-0.00010218668882432458,-0.00010218668882501828,-0.00010218668882571196,-8.554719723576201e-05,-8.554719723678243e-05,-7.881280667555035e-05,-7.881280667624404e-05,-7.881280667693772e-05,-8.122632728833556e-05,-8.122632728935599e-05,-5.360151973336968e-05,-5.360151973406338e-05,-3.390296424195054e-05,-3.3902964242644235e-05,-3.3902964230450355e-05,-1.1919623182570183e-06,-1.1919623189507247e-06,-1.1919623196444176e-06,6.7759251380492526e-06,6.775925137028822e-06,6.775925136335129e-06,1.38516448580643e-05,1.3851644857370603e-05,3.018860132708465e-05,4.555610539195071e-05,4.555610539125702e-05,2.88023410302398e-05,2.8802341029546108e-05,3.068735069365779e-05,3.068735069263736e-05,1.2265048205310575e-05,2.2676002718673083e-05,-1.1501772508981863e-05,-1.1501772509675563e-05,-9.552071959089367e-06,-1.929480971328548e-05,-2.8806332362257607e-05,-5.6040703589565806e-05,-5.604070359025949e-05,-7.89632597172924e-05,-8.537228135056782e-05,-8.515940284866346e-05,-7.467116045385413e-05,-6.425846214327693e-05,-6.259003524557322e-05,-5.355481414088227e-05,-6.2751422945983e-05,-5.747240639806652e-05,-3.4739795500292545e-05,-3.852820459029263e-05,-3.852820457809876e-05,1.9824212229693535e-05,1.3416039407948775e-05,1.3416039407255083e-05,4.1119072364807984e-05,6.435418377609749e-05,0.00011261862059312918,0.0001126186205924355,0.00010771153876698022,0.00010963720234282005,0.0001718497247716155,0.00017184972477092181,0.00019548447035361288,0.00019548447035291918,0.00022634755796064848,0.00022634755795962802,0.00023692199500705455,0.00023692199501957516,0.00023692199501888146,0.00023758305457143153,0.0002445370419721006,0.00024453704197140695,0.0002445370419707132
2019-12-01,0.0003907305172320967,0.00029918220905215373,0.00029631897983736625,0.00030766859213256903,0.00030766859213187536,0.0003005633615565942,0.00030056336155590046,0.00030495288273432215,0.0003049528827333017,0.00028694495375929915,0.00027580723615577775,0.0002758072361550841,0.00025856202236877496,0.00025856202236775456,0.00021683192763524136,0.00021683192763454767,0.00019173082494385144,0.00019173082495637202,0.00019173082495535163,0.00014941080416370234,0.00014941080416300864,9.651944284823398e-05,9.65194428475403e-05,6.0948089221908006e-05,6.094808922121432e-05,4.492622865174224e-05,4.4926228651048544e-05,4.982021207508603e-06,4.982021206488165e-06,-1.1720907838730856e-05,-1.1720907839424549e-05,-3.859773043326438e-05,-3.8597730433958066e-05,-3.859773043497849e-05,-5.71858421821855e-05,-5.7185842182879196e-05,-6.584057782666643e-05,-6.584057782736013e-05,-6.584057782838057e-05,-7.036226204895604e-05,-7.036226204964972e-05,-7.523120974680639e-05,-9.136186309904946e-05,-9.136186309974313e-05,-9.136186310076358e-05,-7.353048002784105e-05,-7.353048002853475e-05,-7.491484277199115e-05,-7.491484277268483e-05,-7.281102021688283e-05,-7.281102021757652e-05,-7.28110202182702e-05,-8.59538899746795e-05,-8.59538899753732e-05,-8.118842806789912e-05,-8.11884280685928e-05,-8.11884280692865e-05,-7.066660965450673e-05,-6.982060642193745e-05,-6.982060642295788e-05,-6.43558548795642e-05,-5.819066641998247e-05,-6.587016824940741e-05,-5.710662788182656e-05,-5.7106627882846985e-05,-6.0419143505933596e-05,-7.243348600047348e-05,-6.51502074219226e-05,-8.916425578711e-05,-7.029424867858433e-05,-6.39074636292219e-05,-6.266356622804761e-05,-6.26635662287413e-05,-7.831445087749209e-05,-7.831445087851251e-05,-0.00010207923653658217,-0.00010207923653727586,-0.00012017147615717497,-0.00012017147615786865,-0.00012017147615888908,-0.00013367768764690352,-0.0001336776876475972,-0.00012162689621504428,-0.00012162689621573797,-0.00012795332178613267,-0.0001279533217868264,-0.0001027052394481621,-0.0001041400259087393,-0.00010414002590943301,-9.646767359527817e-05,-9.839814055807889e-05,-9.839814055877259e-05,-8.409124466640433e-05,-8.409124466709802e-05,-8.409124466811844e-05,-8.409124466881215e-05,-7.559955543427052e-05,-7.55995554349642e-05,-7.55995554356579e-05,-7.559955543667832e-05,-7.559955543737202e-05,-7.55995554380657e-05,-2.5175922619553648e-05,-2.5175922620247334e-05,-2.517592260805346e-05,-2.5175922608747147e-05,-2.5175922609440847e-05,-2.5175922610134533e-05,1.0606780424142113e-05,1.0606780423121675e-05,1.0606780422427984e-05,1.060678042173429e-05,1.0606780421040603e-05,3.944448665675818e-05,3.944448665573775e-05,3.944448665504406e-05,3.944448665435036e-05,2.5718125627846667e-05,2.5718125627152974e-05,2.571812562613255e-05,5.9149676600691095e-06,5.9149676725897295e-06,-2.0460545622038114e-05,-2.0460545622731807e-05,-2.0460545623425493e-05,-2.9327447421268735e-05,-2.9327447421962427e-05,-2.9327447422656113e-05,-2.9327447423349806e-05,-8.409776867508256e-05,-8.409776867610298e-05,-8.409776867679668e-05,-7.149013141128979e-05,-7.149013141198349e-05,-7.149013141267718e-05,-7.14901314136976e-05,-5.91201917960644e-05,-5.912019179675809e-05,-5.9120191797451785e-05,-1.8500680764649682e-05,-1.8500680752455816e-05,1.7608259036606806e-05,1.7608259035913113e-05,1.760825903521942e-05,7.897166189514481e-05,7.897166189412439e-05,7.897166189343069e-05,0.0001181006006361992,0.00011984851897062129,0.00012159643730504339,0.0001882086959457788,0.00018820869594508513,0.0001882086959443914,0.00022119321657033307,0.0002211932165696394,0.00022119321656861895,0.00025768779763469493,0.00025768779764721557,0.00025768779764652185,0.0002576877976458281,0.00023817215167022188,0.00024093084662509342,0.00024368954157996488
2020-07-01,0.0004836483749740081,0.0004480848800100344,0.00043662018048435254,0.00043662018048333214,0.0003932487593098524,0.0003932487593091587,0.0003650443887777173,0.0003650443887770236,0.0003368988861185156,0.00033689888611782194,0.0003368988861171282,0.00030685593558525535,0.0003068559355845617,0.000277769225195744,0.0002777692251950503,0.0002478712872956148,0.00024787128729492113,0.0002478712873074417,0.00020574168557271525,0.00020574168557202155,0.0001470116669001614,0.0001470116668994677,0.000147011666898774,8.102807251721096e-05,8.102807251651726e-05,8.102807251582354e-05,4.2177959793460535e-05,4.217795979276684e-05,1.7368193011819005e-05,1.7368193011125312e-05,-5.6057672855219175e-06,-5.6057672862156104e-06,-3.0914815701069e-05,-3.0914815702089434e-05,-4.30240616834371e-05,-4.302406168413079e-05,-5.8792105826506137e-05,-5.879210582719982e-05,-3.4269904972143894e-05,-3.426990497283759e-05,-3.397706996360952e-05,-3.397706996430321e-05,-6.894157173808942e-05,-6.894157173878312e-05,-7.711378325862494e-05,-7.711378325931863e-05,-6.942328823414277e-05,-6.942328823483646e-05,-0.00010498437306450028,-9.524790725826545e-05,-9.524790725895914e-05,-0.00011017920787177221,-0.00011017920785925158,-0.00011567118048447319,-0.00011928084128433597,-0.00011928084128502966,-8.651271991456916e-05,-8.651271991526286e-05,-0.00010202723705847818,-0.00010202723705949864,-7.421040565177853e-05,-7.421040565247222e-05,-7.169851034224004e-05,-6.037947128436352e-05,-6.0379471285383954e-05,-5.911797790609904e-05,-5.911797790679273e-05,-8.011277122033103e-05,-8.800341596163973e-05,-8.800341596266017e-05,-8.991096059814825e-05,-8.991096059884194e-05,-0.00010717225184715175,-0.00011334577042221473,-0.00011334577042323516,-0.00012594154775003122,-0.00012594154775072492,-0.00011583467592734536,-0.00011583467592803903,-0.00011583467592905948,-9.843530760979356e-05,-9.843530761048726e-05,-9.206145515288291e-05,-9.206145515357661e-05,-0.00010175295417113429,-0.00010175295417182799,-7.158037509498573e-05,-7.15803750824651e-05,-9.472748219185085e-05,-9.472748219287127e-05,-8.246842001907083e-05,-8.84468681909763e-05,-8.844686819167e-05,-0.00011075271389199741,-7.498608819414597e-05,-7.498608819483967e-05,-7.498608819553337e-05,-3.462295772980747e-05,-3.462295773050117e-05,-3.462295773152161e-05,4.496648242207897e-06,4.496648241514204e-06,1.3489603694864436e-05,1.3489603694170745e-05,9.277740976569442e-06,9.27774097587575e-06,3.2888896815900846e-05,3.288889681520716e-05,4.9740361590148606e-05,4.9740361589128175e-05,6.514787008507588e-05,6.514787008438219e-05,7.168452007896718e-05,7.168452007827348e-05,7.168452007725305e-05,5.0269598879540485e-05,5.0269598878846785e-05,5.071440796078816e-05,5.071440796009447e-05,5.071440795907403e-05,5.4511472035300815e-05,5.451147204782144e-05,5.451147204712774e-05,4.91879813290182e-05,4.918798132832451e-05,1.9211482980990864e-05,1.9211482980297174e-05,-4.454958288096372e-07,-4.4549582950333347e-07,-1.693495152233965e-05,-1.6934951523360088e-05,-1.8541392175076618e-05,-1.854139217577031e-05,-1.6245898407972194e-05,-1.624589840866589e-05,-2.7973892093030253e-05,-2.797389209372395e-05,-1.8882893073743077e-05,-1.888289307443677e-05,-6.474603808995562e-06,4.3357367927252005e-05,4.335736792655831e-05,9.782131260426663e-05,0.00010333168967012991,0.00010333168966943623,0.00011749630753789417,0.00012252768762571997,8.64341264202071e-05,0.00010337803745466727,0.00010337803745397358,0.00010337803745295315,0.00013990626782846738,0.00013990626782777366,0.000195052804598905,0.00019505280459821127,0.00021441813292663218,0.0002144181329259385,0.00021982422330765012,0.00021982422330695642,0.00023831324368745079,0.00023831324368643034,0.00023557845128211241,0.00023557845128141871
2021-01-01,0.0003588499420299558,0.0002588121227862346,0.0002694497935360883,0.0002979793224269145,0.00029580564704236685,0.00030221496559100925,0.00025010315466317636,0.00025010315466248264,0.0002501031546614622,0.0002358199174983153,0.0002358199174976216,0.00023679252210186176,0.00023679252210116806,0.0002367925221001476,0.000244612203329486,0.00024461220332879234,0.0002466102983771835,0.00024661029838970414,0.00021400848052070335,0.00021400848052000968,0.0001703605512692329,0.00017036055126853921,0.00013758033412775337,0.00013758033412673295,0.00010984320154966166,0.00010984320154896797,4.078451493268086e-05,1.8203925270816913e-05,1.820392526979648e-05,-5.786221331313105e-06,-1.3383606288165448e-05,-1.3383606288859135e-05,-3.219098120628685e-05,-3.219098120730728e-05,-5.7720202430035716e-05,-5.77202024307294e-05,-5.9990900395426315e-05,-3.4636109474084086e-05,-3.463610947510452e-05,-4.806982393835884e-05,-4.806982393905253e-05,-4.670089452568081e-05,-7.532723711552698e-05,-7.532723711622067e-05,-8.216396869913616e-05,-8.216396869982986e-05,-9.29130074219629e-05,-8.955718756520245e-05,-0.00010618190325640322,-0.00010618190325742366,-0.00011584223775093863,-0.0001328398143387699,-0.00013274693971831414,-9.292338459029963e-05,-0.00011666734160536784,-0.00012533828175289758,-0.00013779898623633314,-0.00013602239647330635,-0.00014180658471888558,-0.00013913920557576893,-0.00013965837630753095,-0.0001541112957099635,-0.00016300577552086967,-0.00016462978527241563,-0.00014782529321692953,-0.00016994123442710097,-0.00018743524874012286,-0.00020734757233267808,-0.00020824257928406576,-0.00020560395192570152,-0.00021414295246996294,-0.0002141429524706566,-0.00020449892729881058,-0.00020449892729950428,-0.0001840743308455591,-0.0001840743308462528,-0.0001602556070384683,-0.000160255607039162,-0.0001634573235145164,-0.00016345732351553686,-0.00016345732351623056,-0.00016902878651065467,-0.00016902878651134834,-0.00016652029757523892,-0.00016652029757625934,-0.000160662018382284,-0.00013358115337342441,-0.00013418918154362743,-0.00013418918154432113,-9.765076317237511e-05,-9.765076317306882e-05,-9.765076317376251e-05,-6.762310953469913e-05,-6.762310953539283e-05,-6.762310953641325e-05,-4.9319098069773155e-05,-4.931909807046684e-05,-3.0423643304281267e-05,-3.0423643304974964e-05,-5.8360465089144575e-05,-5.836046508983827e-05,-2.1473502686284636e-05,-2.147350268697833e-05,-2.1473502687672015e-05,1.1860089332553455e-05,1.1860089331859765e-05,2.9051533643745922e-05,2.9051533643052226e-05,2.9051533642358537e-05,4.826625969807093e-05,4.826625969737724e-05,5.7746059462214706e-05,5.774605946152101e-05,5.774605946082732e-05,6.2428499928144e-05,6.24284999274503e-05,6.24284999267566e-05,5.452899658708226e-05,5.452899658638856e-05,3.629096759016172e-05,3.629096758946803e-05,4.647364978465394e-05,4.647364978396024e-05,4.647364978326655e-05,3.064041268807965e-05,3.064041268705921e-05,3.9352036588600495e-05,3.93520365879068e-05,3.935203658721311e-05,1.183037000399914e-05,1.1830370002978709e-05,1.665861313151781e-05,1.6658613130824116e-05,1.6305769451906285e-05,1.63057694512126e-05,6.098094068111768e-06,6.098094067418072e-06,7.587363832073436e-06,-9.059753658420505e-06,-9.059753659114198e-06,-1.808886573395539e-06,-1.8088865740892285e-06,3.5038579341275364e-05,3.503857934058168e-05,6.880404107277505e-05,6.880404107175461e-05,0.00010599895979178286,0.0001065687824437554,0.00014822539899805845,0.0001500004992790837,0.00016476524684759918,0.0001647652468469055,0.0001821145217110677,0.00019103284652170082,0.0001910328465210071,0.00019724276519367847,0.0002098565589882053,0.0002098565590007259,0.00022404137993872525,0.0002159817733827502,0.00021577987875414254,0.00022801450049744377,0.0002280145004967501
2021-11-01,0.00042736405646845877,0.00026980904242001545,0.0002558143518085019,0.00026932127202070115,0.0002684009825063553,0.00027074887678739834,0.00024117531301235935,0.00022928405400808217,0.00022253171548867014,0.00021969026393988617,0.00022439213180097347,0.00022439213180027974,0.0002075489115107594,0.00020234135823160452,0.0001997976927772625,0.00019979769277656882,0.0001950668337138298,0.00016035678844484113,0.0001603567884438207,0.00013697144032085007,0.00011214450983763523,9.396992072665308e-05,8.445413391869616e-05,7.458544039618025e-05,6.68623176102162e-05,6.857814359656561e-05,6.776804424780954e-05,4.557363915208797e-05,4.7532889287384296e-05,3.280352714784578e-05,3.442723180668149e-05,3.320500575010958e-05,2.5976208116142243e-05,2.6099665438966854e-05,1.9917729103111462e-05,1.0488639655846784e-05,8.28150033752801e-06,-2.807953853259099e-07,-6.953818038976847e-07,4.829205097360687e-06,2.316155028581311e-05,-9.66600030359692e-07,-1.3662617632917396e-06,-1.1159744096638587e-05,-1.115974409765902e-05,-1.8802600573780947e-05,-2.4800408624102626e-05,-2.0067613650977102e-05,-3.948454544549631e-05,-4.951892157523235e-05,-5.989706172309541e-05,-5.98970617237891e-05,-5.2696737014277026e-05,-5.390749469096581e-05,-6.040890805414945e-05,-6.355976590787619e-05,-6.786882053166866e-05,-8.2158174494967e-05,-8.188370387504e-05,-6.370001986779609e-05,-6.457054261436757e-05,-7.094839917429126e-05,-6.969844032329543e-05,-7.48469393799431e-05,-8.595148518839837e-05,-8.989931680793297e-05,-9.391055055249984e-05,-5.5308408354460584e-05,-2.2509249191948977e-05,-9.425400038905298e-05,-0.00010031769397362288,-0.00010322585562707974,-0.00011085700914565019,-0.00010384370504163217,-0.00014223645529170387,-0.0001416091797125836,-0.00013814414269030446,-0.0001366290516079496,-0.00013328246425785943,-0.00013098156841529247,-0.00012307080418826052,-0.0001103388464506252,-9.9405429147554e-05,-9.148472842791897e-05,-9.019548194281689e-05,-8.616192952480713e-05,-8.282392083041648e-05,-8.099498839067747e-05,-7.893678824195912e-05,-7.406773910890079e-05,-9.202178221387355e-05,-0.00012078226979918708,-0.00012777237936731825,-0.00011999060827875693,-0.0001211761241062085,-0.00010889414829649366,-9.602381990589899e-05,-9.84755946181546e-05,-9.738401424210633e-05,-8.807042227625266e-05,-8.350913985675857e-05,-7.899949190855873e-05,-8.861974098734563e-05,-7.804853961005828e-05,-5.4673728183729464e-05,-3.812102375911569e-05,-1.7876798273305452e-05,1.1960718205088382e-05,1.196071820439469e-05,3.420461349875398e-05,3.420461349806028e-05,3.4734400787826765e-05,3.473440078713307e-05,3.531571295746277e-05,2.9468256931404822e-05,2.946825693071113e-05,4.0355328943586395e-05,4.03553289428927e-05,2.4055204213623045e-05,6.098643539196777e-06,-5.796606969261368e-07,-5.796606844055228e-07,-7.714715604115753e-06,-2.0761621088814256e-05,-3.776764048014591e-05,-3.797812603398288e-05,-3.5830969341547244e-05,-5.321851644997978e-05,-3.591066764957435e-05,-3.5290349591470975e-05,-3.9235793268506275e-05,-4.4161357381565164e-05,-4.175960936104359e-05,-2.599802138004379e-05,-3.28308440853885e-05,-2.6617776823982574e-05,-2.6258954293583098e-05,-9.490200911275183e-06,4.241755208253083e-06,4.579311448056138e-06,7.040133110933436e-06,2.3526519444276822e-05,4.028762275955542e-05,4.824802711468623e-05,6.253148092748508e-05,8.08064870408303e-05,8.783766458514146e-05,0.0001048428225402872,0.00010498788069608942,0.00011834941326919118,0.00011834941326817074,0.00017954559757120148,0.0001795455975705078,0.0001795455975698141,0.00018697199751172095,0.0001942085973881103,0.00019496359639971668,0.00019367236471136274,0.00020046756281680064,0.00020640671216920703,0.00021176615838591469,0.00022632957419955237,0.00022632957419885865
2022-11-01,0.0003976949800612667,0.0003448522528582272,0.0003309646920210056,0.00030117834505929687,0.00029385533053460824,0.0002920203440820604,0.0002939868867269641,0.0002939868867262704,0.0002916236055549176,0.0002916236055542239,0.00029196060579609993,0.00028640948222426464,0.0002730143176998934,0.000273014317698873,0.0002682547582968061,0.00023220273280296353,0.00021148416502271,0.0002114841650352306,0.00019487616627247725,0.00017562250058536153,0.00016467150981435989,0.00014941422291326418,0.0001434903339412435,0.00011366862326248848,0.00011630002432179174,0.00011630002432109805,0.00012202945727786204,0.00010488992632122921,0.00010158132180771343,0.00011064929969330623,8.005727973536211e-05,7.709164231908027e-05,7.32980889193457e-05,5.370674791600356e-05,3.9164585884453724e-05,3.916458588376004e-05,1.552174043757099e-05,-2.9599296105469018e-05,-3.5630811045905494e-05,-4.980367117390112e-05,-5.310553402450588e-05,-3.918308934013945e-05,-3.918308934083314e-05,-4.9953237533743625e-05,-5.4633865364419164e-05,-5.762441735865419e-05,-7.912772689458386e-05,-7.917071360596271e-05,-7.265654252251035e-05,-8.590301876505167e-05,-8.171537837112568e-05,-9.051615179394535e-05,-9.051615178142473e-05,-6.962337156775453e-05,-6.017938985073989e-05,-7.253860708374238e-05,-9.023757597328503e-05,-0.00010465101212811252,-9.53194289198036e-05,-9.531942892082403e-05,-7.690682747021519e-05,-8.319747944591743e-05,-8.029233691512488e-05,-9.618857791188735e-05,-9.618857791290778e-05,-0.00010073851824517366,-7.273001673215753e-05,-5.54557106489409e-05,-5.19078099276316e-05,-4.812084249580239e-05,-5.7895143329581426e-05,-7.532111112466292e-05,-7.532111112535662e-05,-8.332787384806683e-05,-8.149299539275539e-05,-8.149299539344907e-05,-8.838566524526387e-05,-9.240072141890284e-05,-9.240072141959654e-05,-9.215107822758994e-05,-7.756294001687764e-05,-6.924321809972781e-05,-6.234579150258164e-05,-4.8909297275121486e-05,-4.8909297276141924e-05,-4.8113332886366406e-05,-5.291893071840764e-05,-6.277283758619376e-05,-7.52647603975108e-05,-7.256333610463362e-05,-8.747117158368243e-05,-7.75076483263312e-05,-6.653778068208978e-05,-6.0627838087965e-05,-7.021127708846449e-05,-5.4505585524577724e-05,-5.022505256905187e-05,-4.263945131490069e-05,-6.205010348398415e-05,-5.260585984677534e-05,-4.0025697553101114e-05,-2.763480094988292e-05,-8.374111455795624e-06,1.0013409652696626e-05,1.3062346743805314e-05,1.0497773327425247e-05,-1.567533082272135e-06,2.6106628542815564e-05,4.8756491422642805e-05,7.758287219867407e-05,9.260169361031895e-05,9.687477084686007e-05,0.00010975346226274644,0.0001157202986313646,0.00010836956916551675,0.00010752029176361521,0.00010752029176292152,0.00010965059206365274,0.00011108530227236203,0.00011972680853560672,0.00011785985386583382,0.00010803039722095866,8.135462309450768e-05,7.433508416045353e-05,6.25204694430425e-05,5.097982742126147e-05,4.235261826714991e-05,3.0350166982569847e-05,2.9599142219330868e-05,4.030635762588429e-06,7.146986134349806e-06,5.329540006160304e-06,5.329540005466615e-06,1.585737499545748e-05,1.6504334385382935e-05,2.1689268828818925e-05,2.8706870740060386e-05,4.389524423361353e-05,4.830665622124623e-05,5.160343953155004e-05,6.601168688298009e-05,6.65443874705654e-05,7.989385404369746e-05,0.00011831588381934347,0.00013342595838391634,0.00013369604428492806,0.00012630501347755935,0.00013333265858782016,0.00012100254795587609,0.00011256399893590017,0.0001361252242967156,0.00016140788406277066,0.0001946994407609132,0.00020722459757479856,0.00021358937749621395,0.0002118464196922085,0.00022306195010086236,0.00022249560843982014,0.00021848613425764718,0.00021652547590993962,0.00021825213072749954,0.00023191641355518346,0.0002319164135544898
2024-02-01,0.0004805523505449791,0.00044393229940125093,0.0004165680857387513,0.00040395157380997864,0.00039667819075100497,0.0003743967362162125,0.00036412045203419984,0.00035431192427942806,0.00035008201190479924,0.0003378267372425153,0.0003384411673162034,0.0003245751970028925,0.00032457519700219875,0.00031222606288091193,0.00030921981780415465,0.00029577521419673486,0.00030456453504887246,0.00031070727428067344,0.00029871515913511596,0.0002863416565362688,0.0002529578265392562,0.00022414285079160417,0.00021704414279396055,0.00018686607467722406,0.00017347538208707165,0.00015232169811473735,0.0001109314366077911,0.00010497801193711479,0.00010497801193609435,9.720434946289622e-05,9.512568048476093e-05,8.952405670473522e-05,8.496948473727841e-05,9.16830940392286e-05,7.486402434164493e-05,6.631941067395208e-05,5.1080906817825236e-05,1.4938273673259557e-05,-3.527466939340741e-06,-1.0953323198341091e-05,-1.0533194106009917e-05,-4.2196209635019044e-06,9.900285946592117e-07,-4.7330113583549646e-06,1.1595907462236472e-06,-3.096623827164424e-05,-1.5932252979015573e-05,-1.822414116636096e-05,-3.062350461177389e-05,-3.709898972451196e-05,-5.5633981326431954e-05,-8.799700577690572e-05,-0.00010088607970972521,-0.00013648508837128356,-0.000136485088372304,-0.0001578695336175948,-0.0001578695336182885,-0.00018337292674407618,-0.00018337292674476988,-0.00020047320148016014,-0.00020047320148085381,-0.0001996788089594336,-0.0001996788089601273,-0.00019678521311871503,-0.00019678521311973548,-0.00019984904034438895,-0.00018269042820909492,-0.00018472066566652546,-0.00016806949500260064,-0.000167885502596084,-0.00015348981523716047,-0.00014894662169884438,-0.00015065852904817963,-0.00016005417279457435,-0.0001677062899952418,-0.00015286764106089775,-0.00017509676745296526,-0.0001835494848850991,-0.00018317173017486028,-0.00018604961786404842,-0.0001867725761293947,-0.00018453856456548942,-0.00017046648831073484,-0.00018355319497187513,-0.00017972152079283478,-0.00017597098903494423,-0.00018688191188073654,-0.00019050678700135445,-0.00019985088515119939,-0.00019978241226730777,-0.0002243102192028704,-0.00023002181063784045,-0.00022710149494702012,-0.00020972801243164012,-0.0001957364233552187,-0.00018960928068687764,-0.00018142987155443012,-0.00017366687704149732,-0.00015726622999337426,-0.00014157519231927301,-0.00012307230443761653,-9.30219807592898e-05,-7.69446668710867e-05,-7.694466687178039e-05,-2.8555433586121637e-05,2.7803509688848247e-07,1.0307211983449655e-05,3.315460989044485e-05,6.612436668697528e-05,8.571919287605956e-05,0.00010480864987813182,0.00011420576466097951,0.00013070158091169128,0.00015536568169421632,0.00015749935431497267,0.00015222025446354938,0.00014569843834704753,0.00015235292711635387,0.00014086257307384785,0.0001428352126883923,0.00013532615092523752,0.0001334769002737408,0.00013319870554300955,0.00013135412501543152,0.00012625911774095567,0.00012608126087075306,0.0001130641394193918,0.00010608765526949074,8.806705380174563e-05,6.43182517549087e-05,4.569091277248384e-05,3.648191664838453e-05,4.174592693901295e-05,3.690725806528826e-05,3.760699448189493e-05,3.1693903134404206e-05,3.928602270034528e-05,3.996058483016942e-05,3.081694737862593e-05,3.399035381502314e-05,3.588852410817417e-05,6.219992391683618e-05,7.049736827946862e-05,8.353255851471134e-05,9.392101173214465e-05,0.00010898336362669876,0.0001430529155572133,0.0001583338467427599,0.00017866527509209483,0.00018829972294797398,0.00019726150612626997,0.00020704125968293643,0.00022334582402981507,0.0002370308348342916,0.0002497642940577224,0.00025446977004976577,0.0002585892321801311,0.000265837550350122,0.00028259800590663494,0.0002893055826520903,0.00029584206470876216,0.0002792538750885221,0.00025607689290135175
