id,SCE,SCE_highest_unc,SCE_trend,SCE_closest_year,SCE_farthest_year,NSM,NSM_highest_unc,NSM_trend,EPR,EPR_unc,EPR_trend
1,0.82,2,stable,2016,2018,0.82,2,stable,0.49,1.69,stable
2,9.06,2,accreting,2016,2018,9.06,2,accreting,5.42,1.69,accreting
3,10.49,2,accreting,2016,2018,10.49,2,accreting,6.28,1.69,accreting
4,13.38,2,accreting,2016,2018,13.38,2,accreting,8.01,1.69,accreting
5,15.58,2,accreting,2016,2018,15.58,2,accreting,9.33,1.69,accreting
6,19,2,accreting,2016,2018,19,2,accreting,11.37,1.69,accreting
7,21.69,2,accreting,2016,2018,21.69,2,accreting,12.99,1.69,accreting
8,23.82,2,accreting,2016,2018,23.82,2,accreting,14.26,1.69,accreting
9,23.96,2,accreting,2016,2018,23.96,2,accreting,14.35,1.69,accreting
10,22.47,2,accreting,2016,2018,22.47,2,accreting,13.46,1.69,accreting
11,18.98,2,accreting,2016,2018,18.98,2,accreting,11.36,1.69,accreting
12,19.29,2,accreting,2016,2018,19.29,2,accreting,11.55,1.69,accreting
13,19.36,2,accreting,2016,2018,19.36,2,accreting,11.6,1.69,accreting
14,20.55,2,accreting,2016,2018,20.55,2,accreting,12.3,1.69,accreting
15,22.24,2,accreting,2016,2018,22.24,2,accreting,13.32,1.69,accreting
16,21.42,2,accreting,2016,2018,21.42,2,accreting,12.83,1.69,accreting
17,19.7,2,accreting,2016,2018,19.7,2,accreting,11.8,1.69,accreting
18,17.99,2,accreting,2016,2018,17.99,2,accreting,10.78,1.69,accreting
19,16.54,2,accreting,2016,2018,16.54,2,accreting,9.9,1.69,accreting
20,15.19,2,accreting,2016,2018,15.19,2,accreting,9.09,1.69,accreting
21,13.39,2,accreting,2016,2018,13.39,2,accreting,8.02,1.69,accreting
22,11.43,2,accreting,2016,2018,11.43,2,accreting,6.84,1.69,accreting
23,10.15,2,accreting,2016,2018,10.15,2,accreting,6.08,1.69,accreting
24,9.09,2,accreting,2016,2018,9.09,2,accreting,5.44,1.69,accreting
25,8.01,2,accreting,2016,2018,8.01,2,accreting,4.79,1.69,accreting
26,6.82,2,accreting,2016,2018,6.82,2,accreting,4.08,1.69,accreting
27,4.29,2,accreting,2016,2018,4.29,2,accreting,2.57,1.69,accreting
28,2.35,2,accreting,2016,2018,2.35,2,accreting,1.41,1.69,stable
29,1.47,2,stable,2016,2018,1.47,2,stable,0.88,1.69,stable
30,1.46,2,stable,2016,2018,1.46,2,stable,0.88,1.69,stable
31,1.04,2,stable,2016,2018,1.04,2,stable,0.62,1.69,stable
32,1.07,2,stable,2018,2016,-1.07,2,stable,-0.64,1.69,stable
33,3.11,2,accreting,2018,2016,-3.11,2,eroding,-1.86,1.69,eroding
34,4.31,2,accreting,2018,2016,-4.31,2,eroding,-2.58,1.69,eroding
35,4.25,2,accreting,2018,2016,-4.25,2,eroding,-2.54,1.69,eroding
36,2.97,2,accreting,2018,2016,-2.97,2,eroding,-1.78,1.69,eroding
37,1.22,2,stable,2018,2016,-1.22,2,stable,-0.73,1.69,stable
38,1.99,2,stable,2016,2018,1.99,2,stable,1.19,1.69,stable
39,6.77,2,accreting,2016,2018,6.77,2,accreting,4.06,1.69,accreting
40,6.81,2,accreting,2016,2018,6.81,2,accreting,4.08,1.69,accreting
41,7.2,2,accreting,2016,2018,7.2,2,accreting,4.31,1.69,accreting
42,6.63,2,accreting,2016,2018,6.63,2,accreting,3.97,1.69,accreting
43,5.81,2,accreting,2016,2018,5.81,2,accreting,3.48,1.69,accreting
44,4.59,2,accreting,2016,2018,4.59,2,accreting,2.75,1.69,accreting
45,4.55,2,accreting,2016,2018,4.55,2,accreting,2.72,1.69,accreting
46,5.45,2,accreting,2016,2018,5.45,2,accreting,3.27,1.69,accreting
47,6.48,2,accreting,2016,2018,6.48,2,accreting,3.88,1.69,accreting
48,6.33,2,accreting,2016,2018,6.33,2,accreting,3.79,1.69,accreting
49,6.2,2,accreting,2016,2018,6.2,2,accreting,3.71,1.69,accreting
50,6.69,2,accreting,2016,2018,6.69,2,accreting,4,1.69,accreting
51,6.62,2,accreting,2016,2018,6.62,2,accreting,3.96,1.69,accreting
52,6.26,2,accreting,2016,2018,6.26,2,accreting,3.75,1.69,accreting
53,5.92,2,accreting,2016,2018,5.92,2,accreting,3.54,1.69,accreting
54,5.34,2,accreting,2016,2018,5.34,2,accreting,3.2,1.69,accreting
55,4.44,2,accreting,2016,2018,4.44,2,accreting,2.66,1.69,accreting
56,5.34,2,accreting,2016,2018,5.34,2,accreting,3.2,1.69,accreting
57,5.19,2,accreting,2016,2018,5.19,2,accreting,3.11,1.69,accreting
58,4.91,2,accreting,2016,2018,4.91,2,accreting,2.94,1.69,accreting
59,4.82,2,accreting,2016,2018,4.82,2,accreting,2.89,1.69,accreting
60,4.65,2,accreting,2016,2018,4.65,2,accreting,2.78,1.69,accreting
61,4.11,2,accreting,2016,2018,4.11,2,accreting,2.46,1.69,accreting
62,2.81,2,accreting,2016,2018,2.81,2,accreting,1.68,1.69,stable
63,1.93,2,stable,2016,2018,1.93,2,stable,1.16,1.69,stable
64,1.6,2,stable,2016,2018,1.6,2,stable,0.96,1.69,stable
65,1.52,2,stable,2016,2018,1.52,2,stable,0.91,1.69,stable
66,1.46,2,stable,2016,2018,1.46,2,stable,0.87,1.69,stable
67,1.3,2,stable,2016,2018,1.3,2,stable,0.78,1.69,stable
68,1.55,2,stable,2016,2018,1.55,2,stable,0.93,1.69,stable
69,0.87,2,stable,2016,2018,0.87,2,stable,0.52,1.69,stable
70,1.15,2,stable,2018,2016,-1.15,2,stable,-0.69,1.69,stable
71,4.02,2,accreting,2018,2016,-4.02,2,eroding,-2.41,1.69,eroding
72,5.1,2,accreting,2018,2016,-5.1,2,eroding,-3.05,1.69,eroding
73,4.13,2,accreting,2018,2016,-4.13,2,eroding,-2.47,1.69,eroding
74,2.57,2,accreting,2018,2016,-2.57,2,eroding,-1.54,1.69,stable
75,1.19,2,stable,2018,2016,-1.19,2,stable,-0.71,1.69,stable
76,0.54,2,stable,2018,2016,-0.54,2,stable,-0.32,1.69,stable
77,0.84,2,stable,2018,2016,-0.84,2,stable,-0.5,1.69,stable
78,1.62,2,stable,2018,2016,-1.62,2,stable,-0.97,1.69,stable
79,2.39,2,accreting,2018,2016,-2.39,2,eroding,-1.43,1.69,stable
80,2.74,2,accreting,2018,2016,-2.74,2,eroding,-1.64,1.69,stable
81,3.47,2,accreting,2018,2016,-3.47,2,eroding,-2.08,1.69,eroding
82,4.47,2,accreting,2018,2016,-4.47,2,eroding,-2.68,1.69,eroding
83,7.82,2,accreting,2018,2016,-7.82,2,eroding,-4.68,1.69,eroding
84,10.2,2,accreting,2018,2016,-10.2,2,eroding,-6.11,1.69,eroding
85,9.15,2,accreting,2018,2016,-9.15,2,eroding,-5.48,1.69,eroding
86,9.24,2,accreting,2018,2016,-9.24,2,eroding,-5.53,1.69,eroding
87,7.19,2,accreting,2018,2016,-7.19,2,eroding,-4.31,1.69,eroding
88,5.72,2,accreting,2018,2016,-5.72,2,eroding,-3.42,1.69,eroding
89,5.46,2,accreting,2018,2016,-5.46,2,eroding,-3.27,1.69,eroding
90,7.19,2,accreting,2018,2016,-7.19,2,eroding,-4.31,1.69,eroding
91,5.89,2,accreting,2018,2016,-5.89,2,eroding,-3.52,1.69,eroding
92,4.93,2,accreting,2018,2016,-4.93,2,eroding,-2.95,1.69,eroding
93,0.25,2,stable,2018,2016,-0.25,2,stable,-0.15,1.69,stable
94,2.02,2,accreting,2016,2018,2.02,2,accreting,1.21,1.69,stable
95,3.59,2,accreting,2016,2018,3.59,2,accreting,2.15,1.69,accreting
96,3.23,2,accreting,2016,2018,3.23,2,accreting,1.94,1.69,accreting
97,4,2,accreting,2016,2018,4,2,accreting,2.39,1.69,accreting
98,4.73,2,accreting,2016,2018,4.73,2,accreting,2.83,1.69,accreting
99,4.52,2,accreting,2016,2018,4.52,2,accreting,2.71,1.69,accreting
100,4.76,2,accreting,2016,2018,4.76,2,accreting,2.85,1.69,accreting
101,7.78,2,accreting,2016,2018,7.78,2,accreting,4.66,1.69,accreting
102,8.66,2,accreting,2016,2018,8.66,2,accreting,5.18,1.69,accreting
103,8.87,2,accreting,2016,2018,8.87,2,accreting,5.31,1.69,accreting
104,7.57,2,accreting,2016,2018,7.57,2,accreting,4.53,1.69,accreting
105,5.26,2,accreting,2016,2018,5.26,2,accreting,3.15,1.69,accreting
106,5.16,2,accreting,2016,2018,5.16,2,accreting,3.09,1.69,accreting
107,6.07,2,accreting,2016,2018,6.07,2,accreting,3.63,1.69,accreting
108,5.34,2,accreting,2016,2018,5.34,2,accreting,3.2,1.69,accreting
109,5.19,2,accreting,2016,2018,5.19,2,accreting,3.11,1.69,accreting
110,4.04,2,accreting,2016,2018,4.04,2,accreting,2.42,1.69,accreting
111,4.2,2,accreting,2016,2018,4.2,2,accreting,2.52,1.69,accreting
112,3.58,2,accreting,2016,2018,3.58,2,accreting,2.15,1.69,accreting
113,2.4,2,accreting,2016,2018,2.4,2,accreting,1.44,1.69,stable
114,1.02,2,stable,2018,2016,-1.02,2,stable,-0.61,1.69,stable
115,1.33,2,stable,2018,2016,-1.33,2,stable,-0.8,1.69,stable
116,1.35,2,stable,2018,2016,-1.35,2,stable,-0.81,1.69,stable
117,0.18,2,stable,2018,2016,-0.18,2,stable,-0.1,1.69,stable
118,1,2,stable,2018,2016,-1,2,stable,-0.6,1.69,stable
119,1.79,2,stable,2018,2016,-1.79,2,stable,-1.07,1.69,stable
120,2.2,2,accreting,2018,2016,-2.2,2,eroding,-1.32,1.69,stable
121,1.96,2,stable,2018,2016,-1.96,2,stable,-1.17,1.69,stable
122,3.01,2,accreting,2018,2016,-3.01,2,eroding,-1.8,1.69,eroding
123,3.35,2,accreting,2018,2016,-3.35,2,eroding,-2,1.69,eroding
124,1.72,2,stable,2018,2016,-1.72,2,stable,-1.03,1.69,stable
125,0.91,2,stable,2016,2018,0.91,2,stable,0.54,1.69,stable
126,2.65,2,accreting,2016,2018,2.65,2,accreting,1.59,1.69,stable
127,3.4,2,accreting,2016,2018,3.4,2,accreting,2.04,1.69,accreting
128,3.89,2,accreting,2016,2018,3.89,2,accreting,2.33,1.69,accreting
129,1.76,2,stable,2016,2018,1.76,2,stable,1.05,1.69,stable
130,0.31,2,stable,2016,2018,0.31,2,stable,0.18,1.69,stable
131,0.92,2,stable,2016,2018,0.92,2,stable,0.55,1.69,stable
132,0.04,2,stable,2016,2018,0.04,2,stable,0.02,1.69,stable
133,2.07,2,accreting,2016,2018,2.07,2,accreting,1.24,1.69,stable
134,2.73,2,accreting,2016,2018,2.73,2,accreting,1.64,1.69,stable
135,3.1,2,accreting,2016,2018,3.1,2,accreting,1.86,1.69,accreting
136,3.3,2,accreting,2016,2018,3.3,2,accreting,1.97,1.69,accreting
137,2.95,2,accreting,2016,2018,2.95,2,accreting,1.77,1.69,accreting
138,2.3,2,accreting,2016,2018,2.3,2,accreting,1.38,1.69,stable
139,0.27,2,stable,2018,2016,-0.27,2,stable,-0.16,1.69,stable
140,1.9,2,stable,2018,2016,-1.9,2,stable,-1.14,1.69,stable
141,2.22,2,accreting,2018,2016,-2.22,2,eroding,-1.33,1.69,stable
142,2.14,2,accreting,2018,2016,-2.14,2,eroding,-1.28,1.69,stable
143,3.46,2,accreting,2018,2016,-3.46,2,eroding,-2.07,1.69,eroding
144,2.69,2,accreting,2018,2016,-2.69,2,eroding,-1.61,1.69,stable
145,1.21,2,stable,2018,2016,-1.21,2,stable,-0.73,1.69,stable
146,0.27,2,stable,2016,2018,0.27,2,stable,0.16,1.69,stable
147,0.52,2,stable,2016,2018,0.52,2,stable,0.31,1.69,stable
148,1.6,2,stable,2016,2018,1.6,2,stable,0.96,1.69,stable
149,5.87,2,accreting,2016,2018,5.87,2,accreting,3.52,1.69,accreting
150,9.19,2,accreting,2016,2018,9.19,2,accreting,5.5,1.69,accreting
151,11.38,2,accreting,2016,2018,11.38,2,accreting,6.82,1.69,accreting
152,11.78,2,accreting,2016,2018,11.78,2,accreting,7.06,1.69,accreting
153,12.11,2,accreting,2016,2018,12.11,2,accreting,7.25,1.69,accreting
154,12.38,2,accreting,2016,2018,12.38,2,accreting,7.41,1.69,accreting
155,12.79,2,accreting,2016,2018,12.79,2,accreting,7.66,1.69,accreting
156,12.68,2,accreting,2016,2018,12.68,2,accreting,7.59,1.69,accreting
157,11.54,2,accreting,2016,2018,11.54,2,accreting,6.91,1.69,accreting
158,10.65,2,accreting,2016,2018,10.65,2,accreting,6.38,1.69,accreting
159,10.22,2,accreting,2016,2018,10.22,2,accreting,6.12,1.69,accreting
160,10.6,2,accreting,2016,2018,10.6,2,accreting,6.34,1.69,accreting
161,10.98,2,accreting,2016,2018,10.98,2,accreting,6.57,1.69,accreting
162,11,2,accreting,2016,2018,11,2,accreting,6.58,1.69,accreting
163,9.06,2,accreting,2016,2018,9.06,2,accreting,5.42,1.69,accreting
