monsoon_year,year_month,VHM0_max,VHM0_mean,VHM0_std,VTPK_max,VTPK_mean,VMDR_mean,StokesDrift_max,StokesDrift_mean,StormDays_wave
2012,2013-01,1.05,0.6759336,0.09201483,19.74,12.890249,225.04556,0.06403124,0.016189653,0
2012,2013-02,1.15,0.73330355,0.1467183,19.73,13.817009,205.66249,0.03,0.0072332867,0
2012,2013-03,1.02,0.6664113,0.12204907,19.65,12.814073,189.65419,0.022360679,0.0026776888,0
2013,2013-04,1.44,0.87925,0.1425392,22.08,13.826583,205.6402,0.050990198,0.016051924,0
2013,2013-05,2.42,1.6431855,0.31070238,19.72,9.901452,228.72565,0.09486833,0.059463553,189
2013,2013-06,3.05,1.9498333,0.28260145,20.15,11.890834,249.52837,0.1360147,0.072162025,233
2013,2013-07,2.3,1.7670968,0.15913875,17.87,10.886693,250.22614,0.11,0.06325662,246
2013,2013-08,2.79,1.6498387,0.3758725,21.13,11.793992,237.46089,0.13038404,0.059694037,148
2013,2013-09,2.22,1.571,0.23893031,19.97,12.174042,228.88329,0.1029563,0.056899216,135
2013,2013-10,1.89,1.3093549,0.251239,20.47,11.774153,219.99895,0.09848858,0.04429719,43
2013,2013-11,1.19,0.82374996,0.14249165,20.6,13.930459,198.05566,0.05,0.0050333696,0
2013,2013-12,1.12,0.8456452,0.103044674,19.08,12.520121,226.12065,0.080622576,0.018611621,0
2013,2014-01,1.13,0.74834675,0.10607121,18.77,13.382822,219.0129,0.060827624,0.015491169,0
2013,2014-02,1.06,0.70410717,0.13247254,22.24,14.135625,198.29247,0.05830952,0.008429281,0
2013,2014-03,1.0,0.7314113,0.10742865,23.73,15.419638,196.1931,0.041231055,0.0065566194,0
2014,2014-04,1.13,0.88645834,0.123645626,20.27,14.688708,199.15117,0.041231055,0.013470224,0
2014,2014-05,2.09,1.331129,0.2194812,20.42,12.523992,210.97795,0.092195444,0.04172303,55
2014,2014-06,2.31,1.8904583,0.16712996,20.56,11.798334,246.5905,0.10049876,0.069754444,240
2014,2014-07,2.49,1.9615725,0.19266601,19.69,12.027016,248.4544,0.110453606,0.07094746,248
2014,2014-08,2.69,1.7206452,0.30568364,21.14,14.101492,234.13637,0.12083046,0.05553709,200
2014,2014-09,1.99,1.5215833,0.20378016,22.52,12.609709,227.84796,0.08246211,0.05043161,134
2014,2014-10,1.72,1.0830241,0.24758618,20.72,13.149153,207.0677,0.08544003,0.024224961,20
2014,2014-11,1.24,0.882875,0.14833972,19.37,12.696875,213.24425,0.072111025,0.01653405,0
2014,2014-12,1.14,0.7475,0.13466783,21.43,13.382137,224.87834,0.086023256,0.018191604,0
2014,2015-01,1.52,0.8177822,0.15563999,21.58,14.961774,207.67572,0.05,0.00937752,1
2014,2015-02,1.15,0.71191967,0.20506671,15.82,13.255446,196.68541,0.04,0.0072007068,0
2014,2015-03,1.45,0.81758064,0.15743321,21.36,14.744032,194.38661,0.022360679,0.0019478684,0
2015,2015-04,1.14,0.8574583,0.11746894,19.87,14.878375,195.6088,0.036055513,0.0067445925,0
2015,2015-05,1.68,1.260363,0.22011836,20.58,11.830041,215.3995,0.08246211,0.04405316,33
2015,2015-06,2.65,1.6562083,0.3271626,22.05,13.95525,235.94116,0.092195444,0.05218443,162
2015,2015-07,2.29,1.7124193,0.30038807,20.44,10.654355,244.49084,0.110453606,0.06812979,181
2015,2015-08,2.17,1.5410081,0.26017004,22.89,11.572017,234.29463,0.101980396,0.058490604,109
2015,2015-09,2.29,1.39325,0.28081968,20.81,12.210125,220.14859,0.10816654,0.045137126,83
2015,2015-10,1.78,1.0618951,0.23124036,22.91,15.173104,205.1198,0.06403124,0.019189922,17
2015,2015-11,1.39,0.88925,0.15020022,20.54,13.971708,205.4152,0.06708204,0.015629563,0
2015,2015-12,0.92,0.68552417,0.08681806,20.7,13.845202,204.01132,0.031622775,0.0037288705,0
2015,2016-01,1.2,0.7635484,0.12224416,21.27,14.348427,217.4619,0.031622775,0.010245135,0
2015,2016-02,1.08,0.72461206,0.086749,19.56,13.65362,202.09889,0.03,0.0054048533,0
2015,2016-03,1.0,0.7501613,0.10510441,20.73,15.137137,197.01024,0.036055513,0.005488975,0
2016,2016-04,1.56,0.89670837,0.20571032,20.03,15.232875,197.3483,0.041231055,0.008702714,1
2016,2016-05,2.66,1.537379,0.5719708,20.95,13.087218,217.56496,0.13,0.04564469,144
2016,2016-06,2.39,1.912375,0.18653576,21.38,11.652708,244.18613,0.12165525,0.07181828,240
2016,2016-07,2.34,1.930887,0.20706162,19.51,11.613267,249.6198,0.10049876,0.061682083,237
2016,2016-08,2.22,1.79875,0.1526064,20.65,10.229758,242.91779,0.11,0.07153185,247
2016,2016-09,2.4,1.6570834,0.2094759,20.57,10.780583,240.47975,0.092195444,0.064681225,194
2016,2016-10,1.64,1.2969757,0.17444222,20.35,11.25758,221.679,0.089442715,0.046410136,21
2016,2016-11,1.97,1.0369583,0.24430141,23.36,15.121583,204.65521,0.06324555,0.012020219,13
2016,2016-12,1.65,0.7957662,0.26672444,20.56,12.328025,216.16512,0.08246211,0.017157907,13
2016,2017-01,1.3,0.73036295,0.15653469,21.24,14.592903,213.1348,0.060827624,0.0126503175,0
2016,2017-02,0.91,0.6667411,0.11004119,20.87,12.923928,212.35588,0.031622775,0.0074448073,0
2016,2017-03,1.13,0.7234677,0.14941205,23.91,15.223911,191.34512,0.022360679,0.0027762232,0
2017,2017-04,1.54,0.97991663,0.21741538,20.79,13.741458,209.37267,0.070710674,0.027793098,1
2017,2017-05,2.75,1.5993952,0.4229691,19.71,11.778266,218.18698,0.114017546,0.047639187,137
2017,2017-06,2.45,1.7706666,0.2671271,20.35,12.304292,239.92657,0.09848858,0.060741685,185
2017,2017-07,2.52,1.7703226,0.22178859,21.16,12.061613,247.61734,0.11,0.067334615,217
2017,2017-08,2.45,1.7725806,0.24779798,21.24,12.483346,236.38301,0.10049876,0.064683676,207
2017,2017-09,2.08,1.5114583,0.21328855,19.08,10.510291,229.68367,0.086023256,0.051920068,102
2017,2017-10,1.84,1.256613,0.27536765,21.75,10.114879,221.82959,0.10049876,0.040683918,48
2017,2017-11,2.62,0.90729165,0.33091316,19.04,13.814834,210.79208,0.17262676,0.021695321,11
2017,2017-12,3.24,0.93407255,0.43464252,20.8,13.763669,220.81964,0.089442715,0.015158691,23
2017,2018-01,0.98,0.70431453,0.10345222,19.09,13.42242,221.33641,0.06324555,0.018092353,0
2017,2018-02,1.01,0.74508923,0.090340614,19.78,13.981474,207.92679,0.041231055,0.00959866,0
2017,2018-03,1.08,0.69008064,0.10171402,19.18,13.315685,195.22531,0.050990198,0.0060966993,0
2018,2018-04,1.74,0.86104167,0.2786897,23.2,14.479083,191.22388,0.036055513,0.006963317,13
2018,2018-05,2.66,1.3883871,0.5373392,20.66,12.737138,216.7813,0.12529963,0.046506792,76
2018,2018-06,2.23,1.805375,0.16631833,18.88,10.869792,245.01021,0.1264911,0.075574465,238
2018,2018-07,2.49,1.9905646,0.2629829,20.71,13.72504,245.01259,0.110453606,0.06874852,233
2018,2018-08,2.78,1.7395564,0.33661237,19.35,11.331613,243.39977,0.114017546,0.068026766,181
2018,2018-09,1.76,1.255,0.21954879,21.1,13.250625,217.04271,0.1029563,0.04082109,38
2018,2018-10,2.2,1.0757258,0.2785988,21.28,12.950604,213.27489,0.07071068,0.021140048,26
2018,2018-11,1.19,0.73604167,0.11080421,20.46,12.883458,199.04733,0.080622576,0.010423345,0
2018,2018-12,1.13,0.72705644,0.11608232,19.8,13.8119755,206.3752,0.072111025,0.0137650315,0
2018,2019-01,1.09,0.8432258,0.1070022,22.95,14.638589,231.32674,0.060827624,0.020622443,0
2018,2019-02,1.2,0.73424107,0.15314741,19.47,13.899688,209.90344,0.04,0.007095548,0
2018,2019-03,0.97,0.70048386,0.0966722,23.08,13.833912,192.00871,0.031622775,0.004028074,0
2019,2019-04,1.79,0.8853333,0.21303321,22.66,15.205083,195.18729,0.080622576,0.010189394,4
2019,2019-05,2.04,1.2230645,0.26896766,20.67,13.008145,216.12556,0.089442715,0.043879382,35
2019,2019-06,2.26,1.8460833,0.1985588,19.12,12.793917,233.82153,0.101980396,0.06798773,232
2019,2019-07,3.56,1.7305645,0.5613709,20.94,13.344113,237.49548,0.16124515,0.054773852,150
2019,2019-08,2.41,1.7113711,0.280785,22.82,14.082298,231.56503,0.13038404,0.05611748,185
2019,2019-09,1.72,1.3242084,0.2222145,20.51,13.7543335,219.78587,0.0781025,0.036364205,50
2019,2019-10,1.74,1.0647177,0.27535903,23.47,15.562782,196.33116,0.08246211,0.01469439,24
2019,2019-11,1.16,0.771125,0.14326142,23.24,13.953292,194.41829,0.036055513,0.0051147416,0
2019,2019-12,1.12,0.7395565,0.12549579,22.27,14.451734,203.13065,0.041231055,0.0038150807,0
2019,2020-01,0.95,0.68508065,0.09946412,21.19,13.706815,215.8262,0.06,0.010372665,0
2019,2020-02,1.01,0.661681,0.092048466,20.7,14.422457,210.53755,0.06403124,0.008099005,0
2019,2020-03,0.98,0.64471775,0.12141508,23.1,14.166614,196.20311,0.041231055,0.004475813,0
2020,2020-04,1.51,0.91954166,0.17786801,22.71,14.263416,190.88995,0.036055513,0.0069495556,1
2020,2020-05,3.05,1.494516,0.51707107,20.06,11.510525,217.35086,0.12369317,0.049104013,124
2020,2020-06,2.49,1.6933333,0.2785883,19.47,11.552209,247.01349,0.10049876,0.06062441,180
2020,2020-07,2.54,1.8114516,0.22428904,19.83,14.506209,234.9115,0.1,0.05226893,235
2020,2020-08,2.7,1.5809275,0.40688848,19.35,12.205888,237.81815,0.09486833,0.04748108,105
2020,2020-09,2.88,1.6233333,0.3154855,20.48,12.920416,230.60251,0.13152947,0.0561539,155
2020,2020-10,2.2,1.3449596,0.3189228,22.96,10.130524,232.53412,0.114017546,0.05442304,56
2020,2020-11,1.5,0.8595833,0.15969057,23.07,13.100041,204.43,0.0781025,0.0121646905,0
2020,2020-12,1.76,0.8111693,0.2087883,23.84,12.5180645,226.55658,0.11313708,0.017482566,4
2020,2021-01,1.12,0.76887095,0.14017172,21.87,13.523629,207.0802,0.050990198,0.008265776,0
2020,2021-02,1.06,0.7630357,0.112384185,21.11,14.897054,212.95773,0.070710674,0.014993265,0
2020,2021-03,1.07,0.74987906,0.12834822,20.56,12.781169,193.96942,0.036055513,0.0025222374,0
2021,2021-04,1.51,0.925875,0.21760792,21.66,13.646333,200.1203,0.0728011,0.01773854,1
2021,2021-05,3.36,1.5816935,0.664504,19.82,11.26242,222.76479,0.15652476,0.0473462,121
2021,2021-06,2.13,1.6736251,0.20396228,20.46,11.374666,246.85225,0.092195444,0.061674435,188
2021,2021-07,3.29,1.8295162,0.31005904,20.71,10.587097,247.09398,0.16492422,0.070287995,227
2021,2021-08,2.41,1.6402823,0.3028186,20.86,11.666371,236.52597,0.110453606,0.06024463,168
2021,2021-09,2.85,1.5795,0.31112522,20.47,12.175833,232.441,0.1360147,0.056915592,136
2021,2021-10,2.7,1.2769759,0.4039984,20.47,11.097419,220.62827,0.114017546,0.041610636,39
2021,2021-11,1.89,1.1438333,0.28499338,16.78,8.553625,235.30203,0.09486833,0.04182987,34
2021,2021-12,1.03,0.71677417,0.1273177,20.57,14.177096,208.43544,0.04,0.0056736865,0
2021,2022-01,0.9,0.6656452,0.106270924,19.63,13.191774,221.77367,0.041231055,0.008912712,0
2021,2022-02,0.92,0.65593755,0.07812842,19.34,14.023125,208.87483,0.05385165,0.008031017,0
2021,2022-03,1.39,0.79249996,0.18710938,20.8,11.895363,210.90814,0.070710674,0.018565524,0
2022,2022-04,1.18,0.83554167,0.16371126,21.64,13.817625,195.74655,0.041231055,0.011698677,0
2022,2022-05,2.84,1.7623388,0.38242167,20.06,8.911169,236.91862,0.13,0.074314095,164
2022,2022-06,2.5,1.699125,0.31202212,20.48,13.245417,236.75809,0.12041594,0.061557807,170
2022,2022-07,3.47,1.897258,0.46238747,21.58,12.327338,240.57065,0.15033297,0.06405795,196
2022,2022-08,3.0,1.8377823,0.3888251,19.75,10.459233,240.10234,0.15132746,0.069410615,224
2022,2022-09,2.62,1.4069167,0.29327267,18.81,10.755417,230.996,0.10440307,0.053447798,82
2022,2022-10,2.39,1.3379436,0.37773377,18.98,9.899274,228.46944,0.12041594,0.049391396,72
2022,2022-11,1.19,0.7790833,0.16968834,18.64,12.874417,206.43045,0.070710674,0.01734629,0
2022,2022-12,1.65,0.8575,0.26379701,20.28,11.821572,213.65952,0.089442715,0.023333862,8
2022,2023-01,0.95,0.6866532,0.09590655,19.42,13.358588,220.90472,0.06324555,0.014569448,0
2022,2023-02,1.14,0.7189732,0.104886524,20.76,14.42009,212.82358,0.080622576,0.010931096,0
2022,2023-03,0.93,0.6743145,0.09384464,21.06,13.916614,197.23561,0.022360679,0.0022203424,0
2023,2023-04,1.11,0.78391665,0.13086322,20.17,14.072416,189.25896,0.022360679,0.0036563345,0
2023,2023-05,1.79,1.2171371,0.27120116,20.78,10.132137,219.93839,0.09433981,0.04387816,48
2023,2023-06,2.18,1.604,0.19176956,18.94,10.431125,246.23103,0.09848858,0.061900284,171
2023,2023-07,2.64,1.7365323,0.2910084,19.71,12.135927,243.0569,0.12165525,0.060885448,191
2023,2023-08,2.02,1.3815322,0.25436765,19.77,13.250403,222.70285,0.08246211,0.04906456,69
2023,2023-09,2.11,1.394125,0.20102265,21.45,12.1365,216.67879,0.092195444,0.049005248,56
2023,2023-10,1.41,0.91923386,0.256142,20.33,13.967742,194.06496,0.05656854,0.015252168,0
2023,2023-11,1.08,0.708125,0.13519329,19.16,12.722125,189.25424,0.042426407,0.004244454,0
2023,2023-12,1.28,0.7902419,0.15130986,19.23,14.535484,211.29964,0.06708204,0.0123585,0
2023,2024-01,1.07,0.67616934,0.15431789,20.9,14.238105,204.89766,0.04,0.0043601566,0
2023,2024-02,0.99,0.66413796,0.09172299,18.83,13.287156,206.94173,0.044721358,0.0070186676,0
2023,2024-03,1.54,0.71104836,0.15619628,20.16,13.902984,191.53307,0.05656854,0.004571146,3
2024,2024-04,1.45,0.8389584,0.21705176,21.15,14.575624,192.30801,0.031622775,0.005211583,0
2024,2024-05,3.29,1.551371,0.8277151,25.1,12.0278225,218.99826,0.16124515,0.05323756,112
2024,2024-06,2.28,1.6490834,0.21286842,20.71,12.775624,233.73975,0.114017546,0.059528645,178
2024,2024-07,2.08,1.6377016,0.17583105,18.54,11.818064,241.89255,0.11,0.05264007,180
2024,2024-08,2.54,1.6274999,0.25345588,19.43,13.320443,231.84569,0.117047,0.052534487,164
2024,2024-09,2.01,1.5084167,0.20604463,19.02,9.609041,238.1535,0.09486833,0.059173338,135
2024,2024-10,2.86,1.2629839,0.42396906,23.16,12.894113,214.54298,0.114017546,0.03814777,56
2024,2024-11,1.79,0.8693333,0.29007787,20.88,12.620209,212.27046,0.12206556,0.022876853,14
2024,2024-12,1.84,0.9316964,0.30650172,21.29,13.310357,213.68045,0.09055385,0.022388626,20
