monsoon_year,year_month,WindSpeed_max,WindSpeed_mean,WindSpeed_std,EastWind_mean,NorthWind_mean,StormDays_wind
2009,2009-08,5.74,5.74,,5.29,0.54,0
2009,2009-09,5.73,5.73,,5.6,0.37,0
2009,2009-10,3.37,3.37,,2.47,0.0,0
2009,2009-11,2.77,2.77,,0.2,0.72,0
2009,2009-12,2.47,2.47,,-0.21,-0.72,0
2009,2010-01,2.22,2.22,,0.37,0.04,0
2009,2010-02,2.22,2.22,,-0.17,0.38,0
2009,2010-03,2.38,2.38,,0.42,0.42,0
2010,2010-04,2.71,2.71,,1.3,0.44,0
2010,2010-05,4.5,4.5,,4.12,0.85,0
2010,2010-06,5.63,5.63,,5.22,0.85,0
2010,2010-07,5.34,5.34,,4.93,-0.48,0
2010,2010-08,6.4,6.4,,6.22,-0.62,0
2010,2010-09,4.77,4.77,,4.42,-0.45,0
2010,2010-10,5.52,5.52,,5.24,-0.66,0
2010,2010-11,3.6,3.6,,2.66,-1.09,0
2010,2010-12,3.64,3.64,,1.83,-1.68,0
2010,2011-01,3.4,3.4,,0.82,-1.95,0
2010,2011-02,2.84,2.84,,0.73,-0.77,0
2010,2011-03,2.57,2.57,,1.18,-0.29,0
2011,2011-04,3.14,3.14,,2.43,0.33,0
2011,2011-05,4.74,4.74,,4.41,0.86,0
2011,2011-06,5.61,5.61,,5.41,0.01,0
2011,2011-07,5.55,5.55,,5.35,0.09,0
2011,2011-08,5.32,5.32,,5.01,0.72,0
2011,2011-09,4.87,4.87,,4.69,0.75,0
2011,2011-10,3.44,3.44,,2.27,0.31,0
2011,2011-11,2.65,2.65,,0.62,-0.15,0
2011,2011-12,2.87,2.87,,0.67,-1.18,0
2011,2012-01,1.91,1.91,,0.45,0.15,0
2011,2012-02,2.18,2.18,,0.12,0.52,0
2011,2012-03,2.49,2.49,,0.59,0.27,0
2012,2012-04,3.02,3.02,,2.04,0.72,0
2012,2012-05,5.34,5.34,,5.13,0.88,0
2012,2012-06,5.65,5.65,,5.35,1.05,0
2012,2012-07,5.98,5.98,,5.76,-0.15,0
2012,2012-08,4.9,4.9,,4.52,0.97,0
2012,2012-09,4.69,4.69,,4.22,1.05,0
2012,2012-10,3.59,3.59,,1.77,0.86,0
2012,2012-11,2.63,2.63,,0.84,-0.71,0
2012,2012-12,2.36,2.36,,-0.55,-0.24,0
2012,2013-01,2.53,2.53,,0.49,-0.41,0
2012,2013-02,2.15,2.15,,0.0,0.24,0
2012,2013-03,2.07,2.07,,-0.77,0.36,0
2013,2013-04,2.71,2.71,,2.03,0.1,0
2013,2013-05,5.45,5.45,,5.09,0.72,0
2013,2013-06,6.29,6.29,,6.13,-0.43,0
2013,2013-07,5.58,5.58,,5.44,-0.22,0
2013,2013-08,5.48,5.48,,5.06,-0.55,0
2013,2013-09,5.22,5.22,,4.92,0.85,0
2013,2013-10,4.54,4.54,,4.2,0.71,0
2013,2013-11,2.64,2.64,,0.36,-0.95,0
2013,2013-12,2.74,2.74,,1.02,-0.81,0
2013,2014-01,2.48,2.48,,0.48,0.1,0
2013,2014-02,2.44,2.44,,-0.17,0.63,0
2013,2014-03,2.65,2.65,,-0.61,0.48,0
2014,2014-04,2.73,2.73,,1.58,0.33,0
2014,2014-05,4.31,4.31,,3.75,1.21,0
2014,2014-06,6.19,6.19,,5.93,-0.92,0
2014,2014-07,6.32,6.32,,6.16,-0.88,0
2014,2014-08,5.21,5.21,,4.96,0.3,0
2014,2014-09,4.71,4.71,,4.3,1.07,0
2014,2014-10,3.52,3.52,,2.89,-0.14,0
2014,2014-11,3.44,3.44,,1.13,-1.16,0
2014,2014-12,3.18,3.18,,0.64,-1.67,0
2014,2015-01,2.04,2.04,,0.83,0.31,0
2014,2015-02,2.04,2.04,,0.02,0.15,0
2014,2015-03,2.52,2.52,,-1.0,0.65,0
2015,2015-04,2.48,2.48,,0.5,0.56,0
2015,2015-05,4.34,4.34,,3.88,1.24,0
2015,2015-06,4.71,4.71,,4.3,0.58,0
2015,2015-07,5.96,5.96,,5.82,-0.09,0
2015,2015-08,5.33,5.33,,4.88,0.66,0
2015,2015-09,4.48,4.48,,3.6,1.66,0
2015,2015-10,3.16,3.16,,1.59,0.09,0
2015,2015-11,3.06,3.06,,1.29,-0.64,0
2015,2015-12,2.54,2.54,,-0.82,0.14,0
2015,2016-01,2.07,2.07,,0.3,0.2,0
2015,2016-02,2.38,2.38,,-0.33,0.34,0
2015,2016-03,2.6,2.6,,-0.07,0.86,0
2016,2016-04,2.59,2.59,,0.19,1.46,0
2016,2016-05,4.57,4.57,,3.93,0.48,0
2016,2016-06,6.25,6.25,,5.99,0.17,0
2016,2016-07,5.74,5.74,,5.43,-0.75,0
2016,2016-08,6.41,6.41,,6.24,-0.64,0
2016,2016-09,5.91,5.91,,5.83,0.15,0
2016,2016-10,4.76,4.76,,4.61,-0.4,0
2016,2016-11,2.78,2.78,,0.87,-0.46,0
2016,2016-12,2.83,2.83,,1.3,-0.5,0
2016,2017-01,2.31,2.31,,0.2,-0.05,0
2016,2017-02,2.06,2.06,,0.52,0.17,0
2016,2017-03,2.3,2.3,,-0.25,0.79,0
2017,2017-04,3.52,3.52,,3.12,0.01,0
2017,2017-05,4.66,4.66,,4.09,0.64,0
2017,2017-06,5.27,5.27,,5.02,0.58,0
2017,2017-07,5.79,5.79,,5.56,-0.12,0
2017,2017-08,5.88,5.88,,5.68,-0.34,0
2017,2017-09,4.75,4.75,,4.24,0.95,0
2017,2017-10,4.44,4.44,,4.09,-0.29,0
2017,2017-11,3.64,3.64,,1.57,-0.89,0
2017,2017-12,2.43,2.43,,0.86,-0.44,0
2017,2018-01,2.23,2.23,,0.53,-0.05,0
2017,2018-02,1.94,1.94,,0.41,0.21,0
2017,2018-03,2.57,2.57,,-0.4,0.3,0
2018,2018-04,2.35,2.35,,0.0,0.66,0
2018,2018-05,4.44,4.44,,3.58,1.37,0
2018,2018-06,5.9,5.9,,5.62,0.9,0
2018,2018-07,5.89,5.89,,5.67,-0.77,0
2018,2018-08,5.69,5.69,,5.52,-0.78,0
2018,2018-09,4.11,4.11,,3.86,0.03,0
2018,2018-10,3.22,3.22,,2.21,-0.77,0
2018,2018-11,2.84,2.84,,0.7,-0.82,0
2018,2018-12,2.79,2.79,,0.7,-1.03,0
2018,2019-01,2.12,2.12,,0.84,-0.02,0
2018,2019-02,2.17,2.17,,-0.2,0.15,0
2018,2019-03,2.51,2.51,,-0.43,0.63,0
2019,2019-04,2.57,2.57,,1.37,0.71,0
2019,2019-05,4.31,4.31,,3.77,1.55,0
2019,2019-06,5.66,5.66,,5.26,1.16,0
2019,2019-07,5.05,5.05,,4.5,0.82,0
2019,2019-08,5.1,5.1,,4.45,1.35,0
2019,2019-09,3.88,3.88,,2.81,1.55,0
2019,2019-10,2.83,2.83,,0.66,0.48,0
2019,2019-11,2.5,2.5,,-0.42,0.1,0
2019,2019-12,2.08,2.08,,-0.77,-0.24,0
2019,2020-01,2.27,2.27,,0.1,0.18,0
2019,2020-02,2.46,2.46,,0.06,0.46,0
2019,2020-03,2.79,2.79,,-0.78,0.95,0
2020,2020-04,2.59,2.59,,-0.17,0.6,0
2020,2020-05,4.76,4.76,,4.34,0.46,0
2020,2020-06,5.29,5.29,,5.0,-0.18,0
2020,2020-07,4.85,4.85,,4.41,0.19,0
2020,2020-08,4.71,4.71,,4.54,0.1,0
2020,2020-09,5.02,5.02,,4.87,0.49,0
2020,2020-10,5.31,5.31,,5.08,-0.64,0
2020,2020-11,2.78,2.78,,0.27,-0.31,0
2020,2020-12,2.63,2.63,,0.5,-0.55,0
2020,2021-01,2.2,2.2,,-0.36,-0.05,0
2020,2021-02,2.0,2.0,,0.47,0.08,0
2020,2021-03,2.22,2.22,,-0.32,0.36,0
2021,2021-04,2.82,2.82,,2.13,0.41,0
2021,2021-05,4.47,4.47,,3.56,0.22,0
2021,2021-06,5.53,5.53,,5.31,-0.01,0
2021,2021-07,6.16,6.16,,5.96,-0.44,0
2021,2021-08,5.35,5.35,,5.09,0.12,0
2021,2021-09,5.19,5.19,,4.94,0.11,0
2021,2021-10,4.64,4.64,,4.13,-0.24,0
2021,2021-11,4.46,4.46,,3.44,-1.33,0
2021,2021-12,1.97,1.97,,0.35,-0.04,0
2021,2022-01,2.02,2.02,,0.15,0.12,0
2021,2022-02,2.01,2.01,,0.36,0.35,0
2021,2022-03,3.04,3.04,,1.43,0.17,0
2022,2022-04,2.75,2.75,,1.75,0.31,0
2022,2022-05,5.91,5.91,,5.61,0.92,0
2022,2022-06,5.51,5.51,,5.28,0.2,0
2022,2022-07,5.97,5.97,,5.54,-1.27,0
2022,2022-08,5.94,5.94,,5.74,-0.22,0
2022,2022-09,5.18,5.18,,4.94,0.43,0
2022,2022-10,4.93,4.93,,4.44,-1.13,0
2022,2022-11,3.23,3.23,,1.81,-1.48,0
2022,2022-12,3.4,3.4,,1.35,-0.96,0
2022,2023-01,2.12,2.12,,0.48,-0.19,0
2022,2023-02,2.4,2.4,,0.16,0.1,0
2022,2023-03,2.04,2.04,,-0.5,0.19,0
2023,2023-04,2.14,2.14,,0.02,0.8,0
2023,2023-05,4.53,4.53,,4.0,0.8,0
2023,2023-06,5.41,5.41,,5.25,0.28,0
2023,2023-07,5.63,5.63,,5.45,-0.08,0
2023,2023-08,5.11,5.11,,4.89,0.61,0
2023,2023-09,4.42,4.42,,3.69,1.88,0
2023,2023-10,2.57,2.57,,0.92,1.35,0
2023,2023-11,2.26,2.26,,0.19,0.36,0
2023,2023-12,2.63,2.63,,0.05,0.23,0
2023,2024-01,2.11,2.11,,-0.12,-0.02,0
2023,2024-02,2.23,2.23,,-0.19,0.28,0
