monsoon_year,Change_Class,driver,min_value,q25,median_value,q75,max_value,n_months,dominant_range,full_range
2013,erosion,VHM0_mean,1.108629,1.222127,1.497875,1.9421794,2.2570162,12,1.222 to 1.942,1.109 to 2.257
2013,erosion,VMDR_mean,172.48677,185.16232,198.18628,204.92001,228.90596,12,185.162 to 204.920,172.487 to 228.906
2013,erosion,VTPK_mean,11.690403,12.520211,12.814899,13.200431,13.7115,12,12.520 to 13.200,11.690 to 13.712
2013,erosion,eastward_wind_mean,-0.77,0.3675,1.905,4.6725,5.76,12,0.368 to 4.673,-0.770 to 5.760
2013,erosion,northward_wind_mean,-0.71,-0.1725,0.54,0.90250003,1.05,12,-0.172 to 0.903,-0.710 to 1.050
2013,erosion,uo_mean,-0.48768577,-0.15411848,0.024109622,0.17319255,0.2661214,12,-0.154 to 0.173,-0.488 to 0.266
2013,erosion,vo_mean,-0.17212439,-0.13107699,-0.028687399,0.02929777,0.19226661,12,-0.131 to 0.029,-0.172 to 0.192
2013,erosion,zos_mean,0.38758507,0.41940063,0.46723837,0.52743614,0.5557421,12,0.419 to 0.527,0.388 to 0.556
2014,erosion,VHM0_mean,1.1557589,1.2365665,1.5835483,2.14372,2.4196668,12,1.237 to 2.144,1.156 to 2.420
2014,erosion,VMDR_mean,171.00928,188.8679,200.80235,212.94666,235.77316,12,188.868 to 212.947,171.009 to 235.773
2014,erosion,VTPK_mean,11.895363,12.504365,12.744214,13.485426,14.293024,12,12.504 to 13.485,11.895 to 14.293
2014,erosion,eastward_wind_mean,-0.61,0.45,3.1149998,5.0675,6.13,12,0.450 to 5.068,-0.610 to 6.130
2014,erosion,northward_wind_mean,-0.95,-0.46,0.1,0.65,0.85,12,-0.460 to 0.650,-0.950 to 0.850
2014,erosion,uo_mean,-0.32288584,-0.1719718,0.10101627,0.26367992,0.32471693,12,-0.172 to 0.264,-0.323 to 0.325
2014,erosion,vo_mean,-0.26490065,-0.21454513,-0.069887385,0.024262216,0.14770958,12,-0.215 to 0.024,-0.265 to 0.148
2014,erosion,zos_mean,0.29541916,0.38521987,0.4559465,0.53315836,0.5417035,12,0.385 to 0.533,0.295 to 0.542
2015,accretion,VHM0_mean,1.1666964,1.2511592,1.4572614,2.054108,2.4977016,12,1.251 to 2.054,1.167 to 2.498
2015,accretion,VMDR_mean,177.61235,188.7846,201.41708,215.49843,231.53384,12,188.785 to 215.498,177.612 to 231.534
2015,accretion,VTPK_mean,11.732338,13.037358,13.739229,14.071573,14.428185,12,13.037 to 14.072,11.732 to 14.428
2015,accretion,eastward_wind_mean,-1.0,0.78249997,2.2350001,4.465,6.16,12,0.782 to 4.465,-1.000 to 6.160
2015,accretion,northward_wind_mean,-1.67,-0.89,0.22500001,0.41,1.21,12,-0.890 to 0.410,-1.670 to 1.210
2015,accretion,uo_mean,-0.51515245,-0.20233771,-0.053407393,0.15671253,0.2826014,12,-0.202 to 0.157,-0.515 to 0.283
2015,accretion,vo_mean,-0.2496414,-0.10467849,-0.008850368,0.050202947,0.14709921,12,-0.105 to 0.050,-0.250 to 0.147
2015,accretion,zos_mean,0.38575396,0.41268653,0.45640433,0.5058443,0.5734428,12,0.413 to 0.506,0.386 to 0.573
2016,erosion,VHM0_mean,1.0975807,1.1820409,1.446564,1.9576099,2.1689918,12,1.182 to 1.958,1.098 to 2.169
2016,erosion,VMDR_mean,179.69029,182.84238,193.76746,205.25821,223.00528,12,182.842 to 205.258,179.690 to 223.005
2016,erosion,VTPK_mean,11.830443,13.380051,13.667944,14.323283,14.702167,12,13.380 to 14.323,11.830 to 14.702
2016,erosion,eastward_wind_mean,-0.82,0.20750001,1.44,3.9850001,5.82,12,0.208 to 3.985,-0.820 to 5.820
2016,erosion,northward_wind_mean,-0.64,0.1275,0.45,0.71000004,1.66,12,0.127 to 0.710,-0.640 to 1.660
2016,erosion,uo_mean,-0.20874661,-0.12344737,0.04364147,0.25894955,0.40162358,12,-0.123 to 0.259,-0.209 to 0.402
2016,erosion,vo_mean,-0.29786065,-0.16006958,-0.05157628,0.04196295,0.051881466,12,-0.160 to 0.042,-0.298 to 0.052
2016,erosion,zos_mean,0.38544878,0.45510727,0.48661762,0.51248205,0.57222205,12,0.455 to 0.512,0.385 to 0.572
2017,accretion,VHM0_mean,1.1389285,1.188266,1.6527984,2.1989799,2.4633067,12,1.188 to 2.199,1.139 to 2.463
2017,accretion,VMDR_mean,174.3547,190.72766,203.25488,220.74292,228.88849,12,190.728 to 220.743,174.355 to 228.888
2017,accretion,VTPK_mean,12.25629,13.228226,13.44698,14.0615225,14.807792,12,13.228 to 14.062,12.256 to 14.808
2017,accretion,eastward_wind_mean,-0.25,0.44,2.615,5.5299997,6.24,12,0.440 to 5.530,-0.250 to 6.240
2017,accretion,northward_wind_mean,-0.75,-0.47,0.050000004,0.2475,1.46,12,-0.470 to 0.248,-0.750 to 1.460
2017,accretion,uo_mean,-0.25513473,-0.16724144,0.0051881447,0.17929624,0.32410657,12,-0.167 to 0.179,-0.255 to 0.324
2017,accretion,vo_mean,-0.28321177,-0.17151402,-0.041810356,0.045472577,0.09155553,12,-0.172 to 0.045,-0.283 to 0.092
2017,accretion,zos_mean,0.36988434,0.4403821,0.5140843,0.5471206,0.5691702,12,0.440 to 0.547,0.370 to 0.569
2018,accretion,VHM0_mean,1.1254839,1.322339,1.6139226,2.1669054,2.4162095,12,1.322 to 2.167,1.125 to 2.416
2018,accretion,VMDR_mean,173.61653,196.41302,205.55629,209.2305,222.16206,12,196.413 to 209.230,173.617 to 222.162
2018,accretion,VTPK_mean,12.159234,12.891673,13.24954,13.519333,13.72758,12,12.892 to 13.519,12.159 to 13.728
2018,accretion,eastward_wind_mean,-0.4,0.77750003,3.605,4.435,5.68,12,0.778 to 4.435,-0.400 to 5.680
2018,accretion,northward_wind_mean,-0.89,-0.3025,-0.02,0.37,0.95,12,-0.303 to 0.370,-0.890 to 0.950
2018,accretion,uo_mean,-0.31189916,-0.18433179,0.017700735,0.28015992,0.34852138,12,-0.184 to 0.280,-0.312 to 0.349
2018,accretion,vo_mean,-0.28138065,-0.20096439,-0.07324442,0.053102206,0.17029329,12,-0.201 to 0.053,-0.281 to 0.170
2018,accretion,zos_mean,0.35096285,0.41543323,0.47425765,0.5027925,0.5529954,12,0.415 to 0.503,0.351 to 0.553
2019,erosion,VHM0_mean,1.1257257,1.1840312,1.4539516,1.9620789,2.5310888,12,1.184 to 1.962,1.126 to 2.531
2019,erosion,VMDR_mean,173.5996,182.68729,193.84749,214.77112,224.02353,12,182.687 to 214.771,173.600 to 224.024
2019,erosion,VTPK_mean,11.530583,12.94128,13.349335,13.471915,14.558669,12,12.941 to 13.472,11.531 to 14.559
2019,erosion,eastward_wind_mean,-0.43,0.525,1.525,4.275,5.67,12,0.525 to 4.275,-0.430 to 5.670
2019,erosion,northward_wind_mean,-1.03,-0.7725,0.005,0.6375,1.37,12,-0.772 to 0.637,-1.030 to 1.370
2019,erosion,uo_mean,-0.4852443,-0.07614368,0.012817774,0.1680044,0.3540147,12,-0.076 to 0.168,-0.485 to 0.354
2019,erosion,vo_mean,-0.27161473,-0.151677,-0.057374798,0.008850368,0.18372142,12,-0.152 to 0.009,-0.272 to 0.184
2019,erosion,zos_mean,0.33478805,0.39605397,0.47608876,0.514008,0.5706961,12,0.396 to 0.514,0.335 to 0.571
2020,erosion,VHM0_mean,1.0027016,1.1764818,1.5005949,1.9614294,2.3873334,12,1.176 to 1.961,1.003 to 2.387
2020,erosion,VMDR_mean,169.9544,178.13087,182.99603,200.3412,212.08884,12,178.131 to 200.341,169.954 to 212.089
2020,erosion,VTPK_mean,12.848708,13.5092745,13.725658,13.951767,14.8550415,12,13.509 to 13.952,12.849 to 14.855
2020,erosion,eastward_wind_mean,-0.78,-0.06,1.015,3.94,5.26,12,-0.060 to 3.940,-0.780 to 5.260
2020,erosion,northward_wind_mean,-0.24,0.39000002,0.765,1.2075,1.55,12,0.390 to 1.207,-0.240 to 1.550
2020,erosion,uo_mean,-0.22461623,-0.0245674,0.0024414808,0.13809626,0.39368877,12,-0.025 to 0.138,-0.225 to 0.394
2020,erosion,vo_mean,-0.2862636,-0.10757774,-0.028992584,-0.0018311106,0.06103702,12,-0.108 to -0.002,-0.286 to 0.061
2020,erosion,zos_mean,0.4034547,0.46243173,0.4829554,0.5080569,0.5691702,12,0.462 to 0.508,0.403 to 0.569
2021,accretion,VHM0_mean,1.1689113,1.2596831,1.6163602,2.1031058,2.3587902,12,1.260 to 2.103,1.169 to 2.359
2021,accretion,VMDR_mean,179.01709,191.96967,206.0445,211.66663,224.67154,12,191.970 to 211.667,179.017 to 224.672
2021,accretion,VTPK_mean,12.232661,12.794476,13.082792,13.834958,14.876371,12,12.794 to 13.835,12.233 to 14.876
2021,accretion,eastward_wind_mean,-0.36,0.16000001,2.42,4.6225,5.08,12,0.160 to 4.622,-0.360 to 5.080
2021,accretion,northward_wind_mean,-0.64,-0.2125,0.09,0.38500002,0.6,12,-0.213 to 0.385,-0.640 to 0.600
2021,accretion,uo_mean,-0.2929777,-0.18539995,0.02990814,0.06256294,0.2862636,12,-0.185 to 0.063,-0.293 to 0.286
2021,accretion,vo_mean,-0.220954,-0.11291848,-0.061952576,0.05920591,0.13794366,12,-0.113 to 0.059,-0.221 to 0.138
2021,accretion,zos_mean,0.40314952,0.44320506,0.5117954,0.60106206,0.63234353,12,0.443 to 0.601,0.403 to 0.632
2022,accretion,VHM0_mean,1.0434822,1.1869758,1.6669711,2.1549165,2.3765323,12,1.187 to 2.155,1.043 to 2.377
2022,accretion,VMDR_mean,181.36075,190.17973,204.80264,214.31866,231.54263,12,190.180 to 214.319,181.361 to 231.543
2022,accretion,VTPK_mean,9.715667,12.18871,12.73799,13.402372,13.861572,12,12.189 to 13.402,9.716 to 13.862
2022,accretion,eastward_wind_mean,0.15,1.1624999,3.5,4.9775,5.96,12,1.162 to 4.977,0.150 to 5.960
2022,accretion,northward_wind_mean,-1.33,-0.089999996,0.114999995,0.1825,0.41,12,-0.090 to 0.183,-1.330 to 0.410
2022,accretion,uo_mean,-0.33448285,-0.012054811,0.041505173,0.16663107,0.22034363,12,-0.012 to 0.167,-0.334 to 0.220
2022,accretion,vo_mean,-0.18860438,-0.13214514,-0.083010346,-0.045014802,0.14404736,12,-0.132 to -0.045,-0.189 to 0.144
2022,accretion,zos_mean,0.41505173,0.4667043,0.5236976,0.56764424,0.72328866,12,0.467 to 0.568,0.415 to 0.723
2023,stable,VHM0_mean,1.0983871,1.2290252,1.5643749,2.1799242,2.4740322,12,1.229 to 2.180,1.098 to 2.474
2023,stable,VMDR_mean,174.24936,186.74574,205.2008,217.09808,223.6806,12,186.746 to 217.098,174.249 to 223.681
2023,stable,VTPK_mean,11.361653,11.973942,12.60409,13.211897,14.196125,12,11.974 to 13.212,11.362 to 14.196
2023,stable,eastward_wind_mean,-0.5,1.1325,3.125,5.3450003,5.74,12,1.133 to 5.345,-0.500 to 5.740
2023,stable,northward_wind_mean,-1.48,-1.0024999,-0.044999998,0.2275,0.92,12,-1.002 to 0.228,-1.480 to 0.920
2023,stable,uo_mean,-0.21851254,-0.03402814,0.04119999,0.19943845,0.32837915,12,-0.034 to 0.199,-0.219 to 0.328
2023,stable,vo_mean,-0.24414808,-0.19837031,-0.0799585,-0.021668142,0.06653035,12,-0.198 to -0.022,-0.244 to 0.067
2023,stable,zos_mean,0.37415692,0.4564806,0.49867243,0.5626087,0.61342204,12,0.456 to 0.563,0.374 to 0.613
2024,erosion,VHM0_mean,1.0958871,1.2167728,1.4342742,1.9873528,2.3221774,11,1.217 to 1.987,1.096 to 2.322
2024,erosion,VMDR_mean,169.77646,173.38213,186.57698,198.36107,227.5153,11,173.382 to 198.361,169.776 to 227.515
2024,erosion,VTPK_mean,11.440001,12.510283,12.982138,13.132521,14.032258,11,12.510 to 13.133,11.440 to 14.032
2024,erosion,eastward_wind_mean,-0.19,0.035,0.92,4.4449997,5.45,11,0.035 to 4.445,-0.190 to 5.450
2024,erosion,northward_wind_mean,-0.08,0.255,0.36,0.8,1.88,11,0.255 to 0.800,-0.080 to 1.880
2024,erosion,uo_mean,-0.12390515,-0.08606219,0.009765923,0.2108829,0.2844325,11,-0.086 to 0.211,-0.124 to 0.284
2024,erosion,vo_mean,-0.20874661,-0.14404736,-0.03357036,0.018311106,0.093386635,11,-0.144 to 0.018,-0.209 to 0.093
2024,erosion,zos_mean,0.3704947,0.44038206,0.4931791,0.5186621,0.55330056,11,0.440 to 0.519,0.370 to 0.553
